10:07:23 **** Build of configuration Debug for project Prueba Hola mundo ****
make -j12 all 
arm-none-eabi-gcc "../Drivers/STM32F4xx_HAL_Driver/Src/stm32f4xx_hal.c" -mcpu=cortex-m4 -std=gnu11 -g3 -DDEBUG -DUSE_HAL_DRIVER -DSTM32F446xx -c -I../Core/Inc -I../Drivers/STM32F4xx_HAL_Driver/Inc -I../Drivers/STM32F4xx_HAL_Driver/Inc/Legacy -I../Drivers/CMSIS/Device/ST/STM32F4xx/Include -I../Drivers/CMSIS/Include -O0 -ffunction-sections -fdata-sections -Wall -fstack-usage -fcyclomatic-complexity -MMD -MP -MF"Drivers/STM32F4xx_HAL_Driver/Src/stm32f4xx_hal.d" -MT"Drivers/STM32F4xx_HAL_Driver/Src/stm32f4xx_hal.o" --specs=nano.specs -mfpu=fpv4-sp-d16 -mfloat-abi=hard -mthumb -o "Drivers/STM32F4xx_HAL_Driver/Src/stm32f4xx_hal.o"
arm-none-eabi-gcc "../Drivers/STM32F4xx_HAL_Driver/Src/stm32f4xx_hal_cortex.c" -mcpu=cortex-m4 -std=gnu11 -g3 -DDEBUG -DUSE_HAL_DRIVER -DSTM32F446xx -c -I../Core/Inc -I../Drivers/STM32F4xx_HAL_Driver/Inc -I../Drivers/STM32F4xx_HAL_Driver/Inc/Legacy -I../Drivers/CMSIS/Device/ST/STM32F4xx/Include -I../Drivers/CMSIS/Include -O0 -ffunction-sections -fdata-sections -Wall -fstack-usage -fcyclomatic-complexity -MMD -MP -MF"Drivers/STM32F4xx_HAL_Driver/Src/stm32f4xx_hal_cortex.d" -MT"Drivers/STM32F4xx_HAL_Driver/Src/stm32f4xx_hal_cortex.o" --specs=nano.specs -mfpu=fpv4-sp-d16 -mfloat-abi=hard -mthumb -o "Drivers/STM32F4xx_HAL_Driver/Src/stm32f4xx_hal_cortex.o"
arm-none-eabi-gcc "../Drivers/STM32F4xx_HAL_Driver/Src/stm32f4xx_hal_dma.c" -mcpu=cortex-m4 -std=gnu11 -g3 -DDEBUG -DUSE_HAL_DRIVER -DSTM32F446xx -c -I../Core/Inc -I../Drivers/STM32F4xx_HAL_Driver/Inc -I../Drivers/STM32F4xx_HAL_Driver/Inc/Legacy -I../Drivers/CMSIS/Device/ST/STM32F4xx/Include -I../Drivers/CMSIS/Include -O0 -ffunction-sections -fdata-sections -Wall -fstack-usage -fcyclomatic-complexity -MMD -MP -MF"Drivers/STM32F4xx_HAL_Driver/Src/stm32f4xx_hal_dma.d" -MT"Drivers/STM32F4xx_HAL_Driver/Src/stm32f4xx_hal_dma.o" --specs=nano.specs -mfpu=fpv4-sp-d16 -mfloat-abi=hard -mthumb -o "Drivers/STM32F4xx_HAL_Driver/Src/stm32f4xx_hal_dma.o"
arm-none-eabi-gcc "../Drivers/STM32F4xx_HAL_Driver/Src/stm32f4xx_hal_dma_ex.c" -mcpu=cortex-m4 -std=gnu11 -g3 -DDEBUG -DUSE_HAL_DRIVER -DSTM32F446xx -c -I../Core/Inc -I../Drivers/STM32F4xx_HAL_Driver/Inc -I../Drivers/STM32F4xx_HAL_Driver/Inc/Legacy -I../Drivers/CMSIS/Device/ST/STM32F4xx/Include -I../Drivers/CMSIS/Include -O0 -ffunction-sections -fdata-sections -Wall -fstack-usage -fcyclomatic-complexity -MMD -MP -MF"Drivers/STM32F4xx_HAL_Driver/Src/stm32f4xx_hal_dma_ex.d" -MT"Drivers/STM32F4xx_HAL_Driver/Src/stm32f4xx_hal_dma_ex.o" --specs=nano.specs -mfpu=fpv4-sp-d16 -mfloat-abi=hard -mthumb -o "Drivers/STM32F4xx_HAL_Driver/Src/stm32f4xx_hal_dma_ex.o"
arm-none-eabi-gcc "../Drivers/STM32F4xx_HAL_Driver/Src/stm32f4xx_hal_exti.c" -mcpu=cortex-m4 -std=gnu11 -g3 -DDEBUG -DUSE_HAL_DRIVER -DSTM32F446xx -c -I../Core/Inc -I../Drivers/STM32F4xx_HAL_Driver/Inc -I../Drivers/STM32F4xx_HAL_Driver/Inc/Legacy -I../Drivers/CMSIS/Device/ST/STM32F4xx/Include -I../Drivers/CMSIS/Include -O0 -ffunction-sections -fdata-sections -Wall -fstack-usage -fcyclomatic-complexity -MMD -MP -MF"Drivers/STM32F4xx_HAL_Driver/Src/stm32f4xx_hal_exti.d" -MT"Drivers/STM32F4xx_HAL_Driver/Src/stm32f4xx_hal_exti.o" --specs=nano.specs -mfpu=fpv4-sp-d16 -mfloat-abi=hard -mthumb -o "Drivers/STM32F4xx_HAL_Driver/Src/stm32f4xx_hal_exti.o"
arm-none-eabi-gcc "../Drivers/STM32F4xx_HAL_Driver/Src/stm32f4xx_hal_flash.c" -mcpu=cortex-m4 -std=gnu11 -g3 -DDEBUG -DUSE_HAL_DRIVER -DSTM32F446xx -c -I../Core/Inc -I../Drivers/STM32F4xx_HAL_Driver/Inc -I../Drivers/STM32F4xx_HAL_Driver/Inc/Legacy -I../Drivers/CMSIS/Device/ST/STM32F4xx/Include -I../Drivers/CMSIS/Include -O0 -ffunction-sections -fdata-sections -Wall -fstack-usage -fcyclomatic-complexity -MMD -MP -MF"Drivers/STM32F4xx_HAL_Driver/Src/stm32f4xx_hal_flash.d" -MT"Drivers/STM32F4xx_HAL_Driver/Src/stm32f4xx_hal_flash.o" --specs=nano.specs -mfpu=fpv4-sp-d16 -mfloat-abi=hard -mthumb -o "Drivers/STM32F4xx_HAL_Driver/Src/stm32f4xx_hal_flash.o"
arm-none-eabi-gcc "../Drivers/STM32F4xx_HAL_Driver/Src/stm32f4xx_hal_flash_ex.c" -mcpu=cortex-m4 -std=gnu11 -g3 -DDEBUG -DUSE_HAL_DRIVER -DSTM32F446xx -c -I../Core/Inc -I../Drivers/STM32F4xx_HAL_Driver/Inc -I../Drivers/STM32F4xx_HAL_Driver/Inc/Legacy -I../Drivers/CMSIS/Device/ST/STM32F4xx/Include -I../Drivers/CMSIS/Include -O0 -ffunction-sections -fdata-sections -Wall -fstack-usage -fcyclomatic-complexity -MMD -MP -MF"Drivers/STM32F4xx_HAL_Driver/Src/stm32f4xx_hal_flash_ex.d" -MT"Drivers/STM32F4xx_HAL_Driver/Src/stm32f4xx_hal_flash_ex.o" --specs=nano.specs -mfpu=fpv4-sp-d16 -mfloat-abi=hard -mthumb -o "Drivers/STM32F4xx_HAL_Driver/Src/stm32f4xx_hal_flash_ex.o"
arm-none-eabi-gcc "../Drivers/STM32F4xx_HAL_Driver/Src/stm32f4xx_hal_flash_ramfunc.c" -mcpu=cortex-m4 -std=gnu11 -g3 -DDEBUG -DUSE_HAL_DRIVER -DSTM32F446xx -c -I../Core/Inc -I../Drivers/STM32F4xx_HAL_Driver/Inc -I../Drivers/STM32F4xx_HAL_Driver/Inc/Legacy -I../Drivers/CMSIS/Device/ST/STM32F4xx/Include -I../Drivers/CMSIS/Include -O0 -ffunction-sections -fdata-sections -Wall -fstack-usage -fcyclomatic-complexity -MMD -MP -MF"Drivers/STM32F4xx_HAL_Driver/Src/stm32f4xx_hal_flash_ramfunc.d" -MT"Drivers/STM32F4xx_HAL_Driver/Src/stm32f4xx_hal_flash_ramfunc.o" --specs=nano.specs -mfpu=fpv4-sp-d16 -mfloat-abi=hard -mthumb -o "Drivers/STM32F4xx_HAL_Driver/Src/stm32f4xx_hal_flash_ramfunc.o"
arm-none-eabi-gcc "../Drivers/STM32F4xx_HAL_Driver/Src/stm32f4xx_hal_gpio.c" -mcpu=cortex-m4 -std=gnu11 -g3 -DDEBUG -DUSE_HAL_DRIVER -DSTM32F446xx -c -I../Core/Inc -I../Drivers/STM32F4xx_HAL_Driver/Inc -I../Drivers/STM32F4xx_HAL_Driver/Inc/Legacy -I../Drivers/CMSIS/Device/ST/STM32F4xx/Include -I../Drivers/CMSIS/Include -O0 -ffunction-sections -fdata-sections -Wall -fstack-usage -fcyclomatic-complexity -MMD -MP -MF"Drivers/STM32F4xx_HAL_Driver/Src/stm32f4xx_hal_gpio.d" -MT"Drivers/STM32F4xx_HAL_Driver/Src/stm32f4xx_hal_gpio.o" --specs=nano.specs -mfpu=fpv4-sp-d16 -mfloat-abi=hard -mthumb -o "Drivers/STM32F4xx_HAL_Driver/Src/stm32f4xx_hal_gpio.o"
arm-none-eabi-gcc "../Drivers/STM32F4xx_HAL_Driver/Src/stm32f4xx_hal_pwr.c" -mcpu=cortex-m4 -std=gnu11 -g3 -DDEBUG -DUSE_HAL_DRIVER -DSTM32F446xx -c -I../Core/Inc -I../Drivers/STM32F4xx_HAL_Driver/Inc -I../Drivers/STM32F4xx_HAL_Driver/Inc/Legacy -I../Drivers/CMSIS/Device/ST/STM32F4xx/Include -I../Drivers/CMSIS/Include -O0 -ffunction-sections -fdata-sections -Wall -fstack-usage -fcyclomatic-complexity -MMD -MP -MF"Drivers/STM32F4xx_HAL_Driver/Src/stm32f4xx_hal_pwr.d" -MT"Drivers/STM32F4xx_HAL_Driver/Src/stm32f4xx_hal_pwr.o" --specs=nano.specs -mfpu=fpv4-sp-d16 -mfloat-abi=hard -mthumb -o "Drivers/STM32F4xx_HAL_Driver/Src/stm32f4xx_hal_pwr.o"
arm-none-eabi-gcc "../Drivers/STM32F4xx_HAL_Driver/Src/stm32f4xx_hal_pwr_ex.c" -mcpu=cortex-m4 -std=gnu11 -g3 -DDEBUG -DUSE_HAL_DRIVER -DSTM32F446xx -c -I../Core/Inc -I../Drivers/STM32F4xx_HAL_Driver/Inc -I../Drivers/STM32F4xx_HAL_Driver/Inc/Legacy -I../Drivers/CMSIS/Device/ST/STM32F4xx/Include -I../Drivers/CMSIS/Include -O0 -ffunction-sections -fdata-sections -Wall -fstack-usage -fcyclomatic-complexity -MMD -MP -MF"Drivers/STM32F4xx_HAL_Driver/Src/stm32f4xx_hal_pwr_ex.d" -MT"Drivers/STM32F4xx_HAL_Driver/Src/stm32f4xx_hal_pwr_ex.o" --specs=nano.specs -mfpu=fpv4-sp-d16 -mfloat-abi=hard -mthumb -o "Drivers/STM32F4xx_HAL_Driver/Src/stm32f4xx_hal_pwr_ex.o"
arm-none-eabi-gcc "../Drivers/STM32F4xx_HAL_Driver/Src/stm32f4xx_hal_rcc.c" -mcpu=cortex-m4 -std=gnu11 -g3 -DDEBUG -DUSE_HAL_DRIVER -DSTM32F446xx -c -I../Core/Inc -I../Drivers/STM32F4xx_HAL_Driver/Inc -I../Drivers/STM32F4xx_HAL_Driver/Inc/Legacy -I../Drivers/CMSIS/Device/ST/STM32F4xx/Include -I../Drivers/CMSIS/Include -O0 -ffunction-sections -fdata-sections -Wall -fstack-usage -fcyclomatic-complexity -MMD -MP -MF"Drivers/STM32F4xx_HAL_Driver/Src/stm32f4xx_hal_rcc.d" -MT"Drivers/STM32F4xx_HAL_Driver/Src/stm32f4xx_hal_rcc.o" --specs=nano.specs -mfpu=fpv4-sp-d16 -mfloat-abi=hard -mthumb -o "Drivers/STM32F4xx_HAL_Driver/Src/stm32f4xx_hal_rcc.o"
arm-none-eabi-gcc "../Drivers/STM32F4xx_HAL_Driver/Src/stm32f4xx_hal_rcc_ex.c" -mcpu=cortex-m4 -std=gnu11 -g3 -DDEBUG -DUSE_HAL_DRIVER -DSTM32F446xx -c -I../Core/Inc -I../Drivers/STM32F4xx_HAL_Driver/Inc -I../Drivers/STM32F4xx_HAL_Driver/Inc/Legacy -I../Drivers/CMSIS/Device/ST/STM32F4xx/Include -I../Drivers/CMSIS/Include -O0 -ffunction-sections -fdata-sections -Wall -fstack-usage -fcyclomatic-complexity -MMD -MP -MF"Drivers/STM32F4xx_HAL_Driver/Src/stm32f4xx_hal_rcc_ex.d" -MT"Drivers/STM32F4xx_HAL_Driver/Src/stm32f4xx_hal_rcc_ex.o" --specs=nano.specs -mfpu=fpv4-sp-d16 -mfloat-abi=hard -mthumb -o "Drivers/STM32F4xx_HAL_Driver/Src/stm32f4xx_hal_rcc_ex.o"
arm-none-eabi-gcc "../Drivers/STM32F4xx_HAL_Driver/Src/stm32f4xx_hal_uart.c" -mcpu=cortex-m4 -std=gnu11 -g3 -DDEBUG -DUSE_HAL_DRIVER -DSTM32F446xx -c -I../Core/Inc -I../Drivers/STM32F4xx_HAL_Driver/Inc -I../Drivers/STM32F4xx_HAL_Driver/Inc/Legacy -I../Drivers/CMSIS/Device/ST/STM32F4xx/Include -I../Drivers/CMSIS/Include -O0 -ffunction-sections -fdata-sections -Wall -fstack-usage -fcyclomatic-complexity -MMD -MP -MF"Drivers/STM32F4xx_HAL_Driver/Src/stm32f4xx_hal_uart.d" -MT"Drivers/STM32F4xx_HAL_Driver/Src/stm32f4xx_hal_uart.o" --specs=nano.specs -mfpu=fpv4-sp-d16 -mfloat-abi=hard -mthumb -o "Drivers/STM32F4xx_HAL_Driver/Src/stm32f4xx_hal_uart.o"
arm-none-eabi-gcc -mcpu=cortex-m4 -g3 -DDEBUG -c -x assembler-with-cpp -MMD -MP -MF"Core/Startup/startup_stm32f446retx.d" -MT"Core/Startup/startup_stm32f446retx.o" --specs=nano.specs -mfpu=fpv4-sp-d16 -mfloat-abi=hard -mthumb -o "Core/Startup/startup_stm32f446retx.o" "../Core/Startup/startup_stm32f446retx.s"
arm-none-eabi-gcc "../Core/Src/main.c" -mcpu=cortex-m4 -std=gnu11 -g3 -DDEBUG -DUSE_HAL_DRIVER -DSTM32F446xx -c -I../Core/Inc -I../Drivers/STM32F4xx_HAL_Driver/Inc -I../Drivers/STM32F4xx_HAL_Driver/Inc/Legacy -I../Drivers/CMSIS/Device/ST/STM32F4xx/Include -I../Drivers/CMSIS/Include -O0 -ffunction-sections -fdata-sections -Wall -fstack-usage -fcyclomatic-complexity -MMD -MP -MF"Core/Src/main.d" -MT"Core/Src/main.o" --specs=nano.specs -mfpu=fpv4-sp-d16 -mfloat-abi=hard -mthumb -o "Core/Src/main.o"
arm-none-eabi-gcc "../Core/Src/stm32f4xx_hal_msp.c" -mcpu=cortex-m4 -std=gnu11 -g3 -DDEBUG -DUSE_HAL_DRIVER -DSTM32F446xx -c -I../Core/Inc -I../Drivers/STM32F4xx_HAL_Driver/Inc -I../Drivers/STM32F4xx_HAL_Driver/Inc/Legacy -I../Drivers/CMSIS/Device/ST/STM32F4xx/Include -I../Drivers/CMSIS/Include -O0 -ffunction-sections -fdata-sections -Wall -fstack-usage -fcyclomatic-complexity -MMD -MP -MF"Core/Src/stm32f4xx_hal_msp.d" -MT"Core/Src/stm32f4xx_hal_msp.o" --specs=nano.specs -mfpu=fpv4-sp-d16 -mfloat-abi=hard -mthumb -o "Core/Src/stm32f4xx_hal_msp.o"
arm-none-eabi-gcc "../Core/Src/stm32f4xx_it.c" -mcpu=cortex-m4 -std=gnu11 -g3 -DDEBUG -DUSE_HAL_DRIVER -DSTM32F446xx -c -I../Core/Inc -I../Drivers/STM32F4xx_HAL_Driver/Inc -I../Drivers/STM32F4xx_HAL_Driver/Inc/Legacy -I../Drivers/CMSIS/Device/ST/STM32F4xx/Include -I../Drivers/CMSIS/Include -O0 -ffunction-sections -fdata-sections -Wall -fstack-usage -fcyclomatic-complexity -MMD -MP -MF"Core/Src/stm32f4xx_it.d" -MT"Core/Src/stm32f4xx_it.o" --specs=nano.specs -mfpu=fpv4-sp-d16 -mfloat-abi=hard -mthumb -o "Core/Src/stm32f4xx_it.o"
arm-none-eabi-gcc "../Core/Src/syscalls.c" -mcpu=cortex-m4 -std=gnu11 -g3 -DDEBUG -DUSE_HAL_DRIVER -DSTM32F446xx -c -I../Core/Inc -I../Drivers/STM32F4xx_HAL_Driver/Inc -I../Drivers/STM32F4xx_HAL_Driver/Inc/Legacy -I../Drivers/CMSIS/Device/ST/STM32F4xx/Include -I../Drivers/CMSIS/Include -O0 -ffunction-sections -fdata-sections -Wall -fstack-usage -fcyclomatic-complexity -MMD -MP -MF"Core/Src/syscalls.d" -MT"Core/Src/syscalls.o" --specs=nano.specs -mfpu=fpv4-sp-d16 -mfloat-abi=hard -mthumb -o "Core/Src/syscalls.o"
arm-none-eabi-gcc "../Core/Src/sysmem.c" -mcpu=cortex-m4 -std=gnu11 -g3 -DDEBUG -DUSE_HAL_DRIVER -DSTM32F446xx -c -I../Core/Inc -I../Drivers/STM32F4xx_HAL_Driver/Inc -I../Drivers/STM32F4xx_HAL_Driver/Inc/Legacy -I../Drivers/CMSIS/Device/ST/STM32F4xx/Include -I../Drivers/CMSIS/Include -O0 -ffunction-sections -fdata-sections -Wall -fstack-usage -fcyclomatic-complexity -MMD -MP -MF"Core/Src/sysmem.d" -MT"Core/Src/sysmem.o" --specs=nano.specs -mfpu=fpv4-sp-d16 -mfloat-abi=hard -mthumb -o "Core/Src/sysmem.o"
arm-none-eabi-gcc "../Core/Src/system_stm32f4xx.c" -mcpu=cortex-m4 -std=gnu11 -g3 -DDEBUG -DUSE_HAL_DRIVER -DSTM32F446xx -c -I../Core/Inc -I../Drivers/STM32F4xx_HAL_Driver/Inc -I../Drivers/STM32F4xx_HAL_Driver/Inc/Legacy -I../Drivers/CMSIS/Device/ST/STM32F4xx/Include -I../Drivers/CMSIS/Include -O0 -ffunction-sections -fdata-sections -Wall -fstack-usage -fcyclomatic-complexity -MMD -MP -MF"Core/Src/system_stm32f4xx.d" -MT"Core/Src/system_stm32f4xx.o" --specs=nano.specs -mfpu=fpv4-sp-d16 -mfloat-abi=hard -mthumb -o "Core/Src/system_stm32f4xx.o"
../Core/Src/main.c: In function 'showDisplay':
../Core/Src/main.c:313:42: error: 'A_GPIO_Port' undeclared (first use in this function); did you mean 'B1_GPIO_Port'?
  313 |         GPIO_TypeDef *display_ports[] = {A_GPIO_Port, B_GPIO_Port, C_GPIO_Port, D_GPIO_Port, E_GPIO_Port, F_GPIO_Port, G_GPIO_Port};    // pin port, add dot if necessary
      |                                          ^~~~~~~~~~~
      |                                          B1_GPIO_Port
../Core/Src/main.c:313:42: note: each undeclared identifier is reported only once for each function it appears in
../Core/Src/main.c:313:55: error: 'B_GPIO_Port' undeclared (first use in this function); did you mean 'B1_GPIO_Port'?
  313 |         GPIO_TypeDef *display_ports[] = {A_GPIO_Port, B_GPIO_Port, C_GPIO_Port, D_GPIO_Port, E_GPIO_Port, F_GPIO_Port, G_GPIO_Port};    // pin port, add dot if necessary
      |                                                       ^~~~~~~~~~~
      |                                                       B1_GPIO_Port
../Core/Src/main.c:313:68: error: 'C_GPIO_Port' undeclared (first use in this function); did you mean 'TCK_GPIO_Port'?
  313 |         GPIO_TypeDef *display_ports[] = {A_GPIO_Port, B_GPIO_Port, C_GPIO_Port, D_GPIO_Port, E_GPIO_Port, F_GPIO_Port, G_GPIO_Port};    // pin port, add dot if necessary
      |                                                                    ^~~~~~~~~~~
      |                                                                    TCK_GPIO_Port
../Core/Src/main.c:313:81: error: 'D_GPIO_Port' undeclared (first use in this function); did you mean 'B1_GPIO_Port'?
  313 |         GPIO_TypeDef *display_ports[] = {A_GPIO_Port, B_GPIO_Port, C_GPIO_Port, D_GPIO_Port, E_GPIO_Port, F_GPIO_Port, G_GPIO_Port};    // pin port, add dot if necessary
      |                                                                                 ^~~~~~~~~~~
      |                                                                                 B1_GPIO_Port
../Core/Src/main.c:313:94: error: 'E_GPIO_Port' undeclared (first use in this function); did you mean 'B1_GPIO_Port'?
  313 |         GPIO_TypeDef *display_ports[] = {A_GPIO_Port, B_GPIO_Port, C_GPIO_Port, D_GPIO_Port, E_GPIO_Port, F_GPIO_Port, G_GPIO_Port};    // pin port, add dot if necessary
      |                                                                                              ^~~~~~~~~~~
      |                                                                                              B1_GPIO_Port
../Core/Src/main.c:313:107: error: 'F_GPIO_Port' undeclared (first use in this function); did you mean 'B1_GPIO_Port'?
  313 |         GPIO_TypeDef *display_ports[] = {A_GPIO_Port, B_GPIO_Port, C_GPIO_Port, D_GPIO_Port, E_GPIO_Port, F_GPIO_Port, G_GPIO_Port};    // pin port, add dot if necessary
      |                                                                                                           ^~~~~~~~~~~
      |                                                                                                           B1_GPIO_Port
../Core/Src/main.c:313:120: error: 'G_GPIO_Port' undeclared (first use in this function); did you mean 'B1_GPIO_Port'?
  313 |         GPIO_TypeDef *display_ports[] = {A_GPIO_Port, B_GPIO_Port, C_GPIO_Port, D_GPIO_Port, E_GPIO_Port, F_GPIO_Port, G_GPIO_Port};    // pin port, add dot if necessary
      |                                                                                                                        ^~~~~~~~~~~
      |                                                                                                                        B1_GPIO_Port
../Core/Src/main.c:314:36: error: 'A_Pin' undeclared (first use in this function); did you mean 'B1_Pin'?
  314 |         uint16_t display_pins[] = {A_Pin, B_Pin, C_Pin, D_Pin, E_Pin, F_Pin, G_Pin};                                                                                                    // pin number, add dot if necessary
      |                                    ^~~~~
      |                                    B1_Pin
../Core/Src/main.c:314:43: error: 'B_Pin' undeclared (first use in this function); did you mean 'B1_Pin'?
  314 |         uint16_t display_pins[] = {A_Pin, B_Pin, C_Pin, D_Pin, E_Pin, F_Pin, G_Pin};                                                                                                    // pin number, add dot if necessary
      |                                           ^~~~~
      |                                           B1_Pin
../Core/Src/main.c:314:50: error: 'C_Pin' undeclared (first use in this function); did you mean 'TCK_Pin'?
  314 |         uint16_t display_pins[] = {A_Pin, B_Pin, C_Pin, D_Pin, E_Pin, F_Pin, G_Pin};                                                                                                    // pin number, add dot if necessary
      |                                                  ^~~~~
      |                                                  TCK_Pin
../Core/Src/main.c:314:57: error: 'D_Pin' undeclared (first use in this function); did you mean 'B1_Pin'?
  314 |         uint16_t display_pins[] = {A_Pin, B_Pin, C_Pin, D_Pin, E_Pin, F_Pin, G_Pin};                                                                                                    // pin number, add dot if necessary
      |                                                         ^~~~~
      |                                                         B1_Pin
../Core/Src/main.c:314:64: error: 'E_Pin' undeclared (first use in this function); did you mean 'B1_Pin'?
  314 |         uint16_t display_pins[] = {A_Pin, B_Pin, C_Pin, D_Pin, E_Pin, F_Pin, G_Pin};                                                                                                    // pin number, add dot if necessary
      |                                                                ^~~~~
      |                                                                B1_Pin
../Core/Src/main.c:314:71: error: 'F_Pin' undeclared (first use in this function); did you mean 'B1_Pin'?
  314 |         uint16_t display_pins[] = {A_Pin, B_Pin, C_Pin, D_Pin, E_Pin, F_Pin, G_Pin};                                                                                                    // pin number, add dot if necessary
      |                                                                       ^~~~~
      |                                                                       B1_Pin
../Core/Src/main.c:314:78: error: 'G_Pin' undeclared (first use in this function); did you mean 'B1_Pin'?
  314 |         uint16_t display_pins[] = {A_Pin, B_Pin, C_Pin, D_Pin, E_Pin, F_Pin, G_Pin};                                                                                                    // pin number, add dot if necessary
      |                                                                              ^~~~~
      |                                                                              B1_Pin
make: *** [Core/Src/subdir.mk:34: Core/Src/main.o] Error 1
make: *** Waiting for unfinished jobs....
"make -j12 all" terminated with exit code 2. Build might be incomplete.
10:15:06 **** Incremental Build of configuration Debug for project Prueba Hola mundo ****
make -j12 all 
arm-none-eabi-gcc "../Core/Src/main.c" -mcpu=cortex-m4 -std=gnu11 -g3 -DDEBUG -DUSE_HAL_DRIVER -DSTM32F446xx -c -I../Core/Inc -I../Drivers/STM32F4xx_HAL_Driver/Inc -I../Drivers/STM32F4xx_HAL_Driver/Inc/Legacy -I../Drivers/CMSIS/Device/ST/STM32F4xx/Include -I../Drivers/CMSIS/Include -O0 -ffunction-sections -fdata-sections -Wall -fstack-usage -fcyclomatic-complexity -MMD -MP -MF"Core/Src/main.d" -MT"Core/Src/main.o" --specs=nano.specs -mfpu=fpv4-sp-d16 -mfloat-abi=hard -mthumb -o "Core/Src/main.o"
../Core/Src/main.c: In function 'showDisplay':
../Core/Src/main.c:313:42: error: 'A_GPIO_Port' undeclared (first use in this function); did you mean 'B1_GPIO_Port'?
  313 |         GPIO_TypeDef *display_ports[] = {A_GPIO_Port, B_GPIO_Port, C_GPIO_Port, D_GPIO_Port, E_GPIO_Port, F_GPIO_Port, G_GPIO_Port};    // pin port, add dot if necessary
      |                                          ^~~~~~~~~~~
      |                                          B1_GPIO_Port
../Core/Src/main.c:313:42: note: each undeclared identifier is reported only once for each function it appears in
../Core/Src/main.c:313:55: error: 'B_GPIO_Port' undeclared (first use in this function); did you mean 'B1_GPIO_Port'?
  313 |         GPIO_TypeDef *display_ports[] = {A_GPIO_Port, B_GPIO_Port, C_GPIO_Port, D_GPIO_Port, E_GPIO_Port, F_GPIO_Port, G_GPIO_Port};    // pin port, add dot if necessary
      |                                                       ^~~~~~~~~~~
      |                                                       B1_GPIO_Port
../Core/Src/main.c:313:68: error: 'C_GPIO_Port' undeclared (first use in this function); did you mean 'TCK_GPIO_Port'?
  313 |         GPIO_TypeDef *display_ports[] = {A_GPIO_Port, B_GPIO_Port, C_GPIO_Port, D_GPIO_Port, E_GPIO_Port, F_GPIO_Port, G_GPIO_Port};    // pin port, add dot if necessary
      |                                                                    ^~~~~~~~~~~
      |                                                                    TCK_GPIO_Port
../Core/Src/main.c:313:81: error: 'D_GPIO_Port' undeclared (first use in this function); did you mean 'B1_GPIO_Port'?
  313 |         GPIO_TypeDef *display_ports[] = {A_GPIO_Port, B_GPIO_Port, C_GPIO_Port, D_GPIO_Port, E_GPIO_Port, F_GPIO_Port, G_GPIO_Port};    // pin port, add dot if necessary
      |                                                                                 ^~~~~~~~~~~
      |                                                                                 B1_GPIO_Port
../Core/Src/main.c:313:94: error: 'E_GPIO_Port' undeclared (first use in this function); did you mean 'B1_GPIO_Port'?
  313 |         GPIO_TypeDef *display_ports[] = {A_GPIO_Port, B_GPIO_Port, C_GPIO_Port, D_GPIO_Port, E_GPIO_Port, F_GPIO_Port, G_GPIO_Port};    // pin port, add dot if necessary
      |                                                                                              ^~~~~~~~~~~
      |                                                                                              B1_GPIO_Port
../Core/Src/main.c:313:107: error: 'F_GPIO_Port' undeclared (first use in this function); did you mean 'B1_GPIO_Port'?
  313 |         GPIO_TypeDef *display_ports[] = {A_GPIO_Port, B_GPIO_Port, C_GPIO_Port, D_GPIO_Port, E_GPIO_Port, F_GPIO_Port, G_GPIO_Port};    // pin port, add dot if necessary
      |                                                                                                           ^~~~~~~~~~~
      |                                                                                                           B1_GPIO_Port
../Core/Src/main.c:313:120: error: 'G_GPIO_Port' undeclared (first use in this function); did you mean 'B1_GPIO_Port'?
  313 |         GPIO_TypeDef *display_ports[] = {A_GPIO_Port, B_GPIO_Port, C_GPIO_Port, D_GPIO_Port, E_GPIO_Port, F_GPIO_Port, G_GPIO_Port};    // pin port, add dot if necessary
      |                                                                                                                        ^~~~~~~~~~~
      |                                                                                                                        B1_GPIO_Port
../Core/Src/main.c:314:36: error: 'A_Pin' undeclared (first use in this function); did you mean 'B1_Pin'?
  314 |         uint16_t display_pins[] = {A_Pin, B_Pin, C_Pin, D_Pin, E_Pin, F_Pin, G_Pin};                                                                                                    // pin number, add dot if necessary
      |                                    ^~~~~
      |                                    B1_Pin
../Core/Src/main.c:314:43: error: 'B_Pin' undeclared (first use in this function); did you mean 'B1_Pin'?
  314 |         uint16_t display_pins[] = {A_Pin, B_Pin, C_Pin, D_Pin, E_Pin, F_Pin, G_Pin};                                                                                                    // pin number, add dot if necessary
      |                                           ^~~~~
      |                                           B1_Pin
../Core/Src/main.c:314:50: error: 'C_Pin' undeclared (first use in this function); did you mean 'TCK_Pin'?
  314 |         uint16_t display_pins[] = {A_Pin, B_Pin, C_Pin, D_Pin, E_Pin, F_Pin, G_Pin};                                                                                                    // pin number, add dot if necessary
      |                                                  ^~~~~
      |                                                  TCK_Pin
../Core/Src/main.c:314:57: error: 'D_Pin' undeclared (first use in this function); did you mean 'B1_Pin'?
  314 |         uint16_t display_pins[] = {A_Pin, B_Pin, C_Pin, D_Pin, E_Pin, F_Pin, G_Pin};                                                                                                    // pin number, add dot if necessary
      |                                                         ^~~~~
      |                                                         B1_Pin
../Core/Src/main.c:314:64: error: 'E_Pin' undeclared (first use in this function); did you mean 'B1_Pin'?
  314 |         uint16_t display_pins[] = {A_Pin, B_Pin, C_Pin, D_Pin, E_Pin, F_Pin, G_Pin};                                                                                                    // pin number, add dot if necessary
      |                                                                ^~~~~
      |                                                                B1_Pin
../Core/Src/main.c:314:71: error: 'F_Pin' undeclared (first use in this function); did you mean 'B1_Pin'?
  314 |         uint16_t display_pins[] = {A_Pin, B_Pin, C_Pin, D_Pin, E_Pin, F_Pin, G_Pin};                                                                                                    // pin number, add dot if necessary
      |                                                                       ^~~~~
      |                                                                       B1_Pin
../Core/Src/main.c:314:78: error: 'G_Pin' undeclared (first use in this function); did you mean 'B1_Pin'?
  314 |         uint16_t display_pins[] = {A_Pin, B_Pin, C_Pin, D_Pin, E_Pin, F_Pin, G_Pin};                                                                                                    // pin number, add dot if necessary
      |                                                                              ^~~~~
      |                                                                              B1_Pin
make: *** [Core/Src/subdir.mk:34: Core/Src/main.o] Error 1
"make -j12 all" terminated with exit code 2. Build might be incomplete.
10:15:56 **** Incremental Build of configuration Debug for project Prueba Hola mundo ****
make -j12 all 
arm-none-eabi-gcc "../Core/Src/main.c" -mcpu=cortex-m4 -std=gnu11 -g3 -DDEBUG -DUSE_HAL_DRIVER -DSTM32F446xx -c -I../Core/Inc -I../Drivers/STM32F4xx_HAL_Driver/Inc -I../Drivers/STM32F4xx_HAL_Driver/Inc/Legacy -I../Drivers/CMSIS/Device/ST/STM32F4xx/Include -I../Drivers/CMSIS/Include -O0 -ffunction-sections -fdata-sections -Wall -fstack-usage -fcyclomatic-complexity -MMD -MP -MF"Core/Src/main.d" -MT"Core/Src/main.o" --specs=nano.specs -mfpu=fpv4-sp-d16 -mfloat-abi=hard -mthumb -o "Core/Src/main.o"
../Core/Src/main.c: In function 'showDisplay':
../Core/Src/main.c:313:42: error: 'A_GPIO_Port' undeclared (first use in this function); did you mean 'B1_GPIO_Port'?
  313 |         GPIO_TypeDef *display_ports[] = {A_GPIO_Port, B_GPIO_Port, C_GPIO_Port, D_GPIO_Port, E_GPIO_Port, F_GPIO_Port, G_GPIO_Port};    // pin port, add dot if necessary
      |                                          ^~~~~~~~~~~
      |                                          B1_GPIO_Port
../Core/Src/main.c:313:42: note: each undeclared identifier is reported only once for each function it appears in
../Core/Src/main.c:313:55: error: 'B_GPIO_Port' undeclared (first use in this function); did you mean 'B1_GPIO_Port'?
  313 |         GPIO_TypeDef *display_ports[] = {A_GPIO_Port, B_GPIO_Port, C_GPIO_Port, D_GPIO_Port, E_GPIO_Port, F_GPIO_Port, G_GPIO_Port};    // pin port, add dot if necessary
      |                                                       ^~~~~~~~~~~
      |                                                       B1_GPIO_Port
../Core/Src/main.c:313:68: error: 'C_GPIO_Port' undeclared (first use in this function); did you mean 'TCK_GPIO_Port'?
  313 |         GPIO_TypeDef *display_ports[] = {A_GPIO_Port, B_GPIO_Port, C_GPIO_Port, D_GPIO_Port, E_GPIO_Port, F_GPIO_Port, G_GPIO_Port};    // pin port, add dot if necessary
      |                                                                    ^~~~~~~~~~~
      |                                                                    TCK_GPIO_Port
../Core/Src/main.c:313:81: error: 'D_GPIO_Port' undeclared (first use in this function); did you mean 'B1_GPIO_Port'?
  313 |         GPIO_TypeDef *display_ports[] = {A_GPIO_Port, B_GPIO_Port, C_GPIO_Port, D_GPIO_Port, E_GPIO_Port, F_GPIO_Port, G_GPIO_Port};    // pin port, add dot if necessary
      |                                                                                 ^~~~~~~~~~~
      |                                                                                 B1_GPIO_Port
../Core/Src/main.c:313:94: error: 'E_GPIO_Port' undeclared (first use in this function); did you mean 'B1_GPIO_Port'?
  313 |         GPIO_TypeDef *display_ports[] = {A_GPIO_Port, B_GPIO_Port, C_GPIO_Port, D_GPIO_Port, E_GPIO_Port, F_GPIO_Port, G_GPIO_Port};    // pin port, add dot if necessary
      |                                                                                              ^~~~~~~~~~~
      |                                                                                              B1_GPIO_Port
../Core/Src/main.c:313:107: error: 'F_GPIO_Port' undeclared (first use in this function); did you mean 'B1_GPIO_Port'?
  313 |         GPIO_TypeDef *display_ports[] = {A_GPIO_Port, B_GPIO_Port, C_GPIO_Port, D_GPIO_Port, E_GPIO_Port, F_GPIO_Port, G_GPIO_Port};    // pin port, add dot if necessary
      |                                                                                                           ^~~~~~~~~~~
      |                                                                                                           B1_GPIO_Port
../Core/Src/main.c:313:120: error: 'G_GPIO_Port' undeclared (first use in this function); did you mean 'B1_GPIO_Port'?
  313 |         GPIO_TypeDef *display_ports[] = {A_GPIO_Port, B_GPIO_Port, C_GPIO_Port, D_GPIO_Port, E_GPIO_Port, F_GPIO_Port, G_GPIO_Port};    // pin port, add dot if necessary
      |                                                                                                                        ^~~~~~~~~~~
      |                                                                                                                        B1_GPIO_Port
../Core/Src/main.c:314:36: error: 'A_Pin' undeclared (first use in this function); did you mean 'B1_Pin'?
  314 |         uint16_t display_pins[] = {A_Pin, B_Pin, C_Pin, D_Pin, E_Pin, F_Pin, G_Pin};                                                                                                    // pin number, add dot if necessary
      |                                    ^~~~~
      |                                    B1_Pin
../Core/Src/main.c:314:43: error: 'B_Pin' undeclared (first use in this function); did you mean 'B1_Pin'?
  314 |         uint16_t display_pins[] = {A_Pin, B_Pin, C_Pin, D_Pin, E_Pin, F_Pin, G_Pin};                                                                                                    // pin number, add dot if necessary
      |                                           ^~~~~
      |                                           B1_Pin
../Core/Src/main.c:314:50: error: 'C_Pin' undeclared (first use in this function); did you mean 'TCK_Pin'?
  314 |         uint16_t display_pins[] = {A_Pin, B_Pin, C_Pin, D_Pin, E_Pin, F_Pin, G_Pin};                                                                                                    // pin number, add dot if necessary
      |                                                  ^~~~~
      |                                                  TCK_Pin
../Core/Src/main.c:314:57: error: 'D_Pin' undeclared (first use in this function); did you mean 'B1_Pin'?
  314 |         uint16_t display_pins[] = {A_Pin, B_Pin, C_Pin, D_Pin, E_Pin, F_Pin, G_Pin};                                                                                                    // pin number, add dot if necessary
      |                                                         ^~~~~
      |                                                         B1_Pin
../Core/Src/main.c:314:64: error: 'E_Pin' undeclared (first use in this function); did you mean 'B1_Pin'?
  314 |         uint16_t display_pins[] = {A_Pin, B_Pin, C_Pin, D_Pin, E_Pin, F_Pin, G_Pin};                                                                                                    // pin number, add dot if necessary
      |                                                                ^~~~~
      |                                                                B1_Pin
../Core/Src/main.c:314:71: error: 'F_Pin' undeclared (first use in this function); did you mean 'B1_Pin'?
  314 |         uint16_t display_pins[] = {A_Pin, B_Pin, C_Pin, D_Pin, E_Pin, F_Pin, G_Pin};                                                                                                    // pin number, add dot if necessary
      |                                                                       ^~~~~
      |                                                                       B1_Pin
../Core/Src/main.c:314:78: error: 'G_Pin' undeclared (first use in this function); did you mean 'B1_Pin'?
  314 |         uint16_t display_pins[] = {A_Pin, B_Pin, C_Pin, D_Pin, E_Pin, F_Pin, G_Pin};                                                                                                    // pin number, add dot if necessary
      |                                                                              ^~~~~
      |                                                                              B1_Pin
make: *** [Core/Src/subdir.mk:34: Core/Src/main.o] Error 1
"make -j12 all" terminated with exit code 2. Build might be incomplete.
10:21:32 **** Incremental Build of configuration Debug for project Prueba Hola mundo ****
make -j12 all 
arm-none-eabi-gcc "../Core/Src/main.c" -mcpu=cortex-m4 -std=gnu11 -g3 -DDEBUG -DUSE_HAL_DRIVER -DSTM32F446xx -c -I../Core/Inc -I../Drivers/STM32F4xx_HAL_Driver/Inc -I../Drivers/STM32F4xx_HAL_Driver/Inc/Legacy -I../Drivers/CMSIS/Device/ST/STM32F4xx/Include -I../Drivers/CMSIS/Include -O0 -ffunction-sections -fdata-sections -Wall -fstack-usage -fcyclomatic-complexity -MMD -MP -MF"Core/Src/main.d" -MT"Core/Src/main.o" --specs=nano.specs -mfpu=fpv4-sp-d16 -mfloat-abi=hard -mthumb -o "Core/Src/main.o"
../Core/Src/main.c: In function 'showDisplay':
../Core/Src/main.c:313:42: error: 'A_GPIO_Port' undeclared (first use in this function); did you mean 'B1_GPIO_Port'?
  313 |         GPIO_TypeDef *display_ports[] = {A_GPIO_Port, B_GPIO_Port, C_GPIO_Port, D_GPIO_Port, E_GPIO_Port, F_GPIO_Port, G_GPIO_Port};    // pin port, add dot if necessary
      |                                          ^~~~~~~~~~~
      |                                          B1_GPIO_Port
../Core/Src/main.c:313:42: note: each undeclared identifier is reported only once for each function it appears in
../Core/Src/main.c:313:55: error: 'B_GPIO_Port' undeclared (first use in this function); did you mean 'B1_GPIO_Port'?
  313 |         GPIO_TypeDef *display_ports[] = {A_GPIO_Port, B_GPIO_Port, C_GPIO_Port, D_GPIO_Port, E_GPIO_Port, F_GPIO_Port, G_GPIO_Port};    // pin port, add dot if necessary
      |                                                       ^~~~~~~~~~~
      |                                                       B1_GPIO_Port
../Core/Src/main.c:313:68: error: 'C_GPIO_Port' undeclared (first use in this function); did you mean 'TCK_GPIO_Port'?
  313 |         GPIO_TypeDef *display_ports[] = {A_GPIO_Port, B_GPIO_Port, C_GPIO_Port, D_GPIO_Port, E_GPIO_Port, F_GPIO_Port, G_GPIO_Port};    // pin port, add dot if necessary
      |                                                                    ^~~~~~~~~~~
      |                                                                    TCK_GPIO_Port
../Core/Src/main.c:313:81: error: 'D_GPIO_Port' undeclared (first use in this function); did you mean 'B1_GPIO_Port'?
  313 |         GPIO_TypeDef *display_ports[] = {A_GPIO_Port, B_GPIO_Port, C_GPIO_Port, D_GPIO_Port, E_GPIO_Port, F_GPIO_Port, G_GPIO_Port};    // pin port, add dot if necessary
      |                                                                                 ^~~~~~~~~~~
      |                                                                                 B1_GPIO_Port
../Core/Src/main.c:313:94: error: 'E_GPIO_Port' undeclared (first use in this function); did you mean 'B1_GPIO_Port'?
  313 |         GPIO_TypeDef *display_ports[] = {A_GPIO_Port, B_GPIO_Port, C_GPIO_Port, D_GPIO_Port, E_GPIO_Port, F_GPIO_Port, G_GPIO_Port};    // pin port, add dot if necessary
      |                                                                                              ^~~~~~~~~~~
      |                                                                                              B1_GPIO_Port
../Core/Src/main.c:313:107: error: 'F_GPIO_Port' undeclared (first use in this function); did you mean 'B1_GPIO_Port'?
  313 |         GPIO_TypeDef *display_ports[] = {A_GPIO_Port, B_GPIO_Port, C_GPIO_Port, D_GPIO_Port, E_GPIO_Port, F_GPIO_Port, G_GPIO_Port};    // pin port, add dot if necessary
      |                                                                                                           ^~~~~~~~~~~
      |                                                                                                           B1_GPIO_Port
../Core/Src/main.c:313:120: error: 'G_GPIO_Port' undeclared (first use in this function); did you mean 'B1_GPIO_Port'?
  313 |         GPIO_TypeDef *display_ports[] = {A_GPIO_Port, B_GPIO_Port, C_GPIO_Port, D_GPIO_Port, E_GPIO_Port, F_GPIO_Port, G_GPIO_Port};    // pin port, add dot if necessary
      |                                                                                                                        ^~~~~~~~~~~
      |                                                                                                                        B1_GPIO_Port
../Core/Src/main.c:314:36: error: 'A_Pin' undeclared (first use in this function); did you mean 'B1_Pin'?
  314 |         uint16_t display_pins[] = {A_Pin, B_Pin, C_Pin, D_Pin, E_Pin, F_Pin, G_Pin};                                                                                                    // pin number, add dot if necessary
      |                                    ^~~~~
      |                                    B1_Pin
../Core/Src/main.c:314:43: error: 'B_Pin' undeclared (first use in this function); did you mean 'B1_Pin'?
  314 |         uint16_t display_pins[] = {A_Pin, B_Pin, C_Pin, D_Pin, E_Pin, F_Pin, G_Pin};                                                                                                    // pin number, add dot if necessary
      |                                           ^~~~~
      |                                           B1_Pin
../Core/Src/main.c:314:50: error: 'C_Pin' undeclared (first use in this function); did you mean 'TCK_Pin'?
  314 |         uint16_t display_pins[] = {A_Pin, B_Pin, C_Pin, D_Pin, E_Pin, F_Pin, G_Pin};                                                                                                    // pin number, add dot if necessary
      |                                                  ^~~~~
      |                                                  TCK_Pin
../Core/Src/main.c:314:57: error: 'D_Pin' undeclared (first use in this function); did you mean 'B1_Pin'?
  314 |         uint16_t display_pins[] = {A_Pin, B_Pin, C_Pin, D_Pin, E_Pin, F_Pin, G_Pin};                                                                                                    // pin number, add dot if necessary
      |                                                         ^~~~~
      |                                                         B1_Pin
../Core/Src/main.c:314:64: error: 'E_Pin' undeclared (first use in this function); did you mean 'B1_Pin'?
  314 |         uint16_t display_pins[] = {A_Pin, B_Pin, C_Pin, D_Pin, E_Pin, F_Pin, G_Pin};                                                                                                    // pin number, add dot if necessary
      |                                                                ^~~~~
      |                                                                B1_Pin
../Core/Src/main.c:314:71: error: 'F_Pin' undeclared (first use in this function); did you mean 'B1_Pin'?
  314 |         uint16_t display_pins[] = {A_Pin, B_Pin, C_Pin, D_Pin, E_Pin, F_Pin, G_Pin};                                                                                                    // pin number, add dot if necessary
      |                                                                       ^~~~~
      |                                                                       B1_Pin
../Core/Src/main.c:314:78: error: 'G_Pin' undeclared (first use in this function); did you mean 'B1_Pin'?
  314 |         uint16_t display_pins[] = {A_Pin, B_Pin, C_Pin, D_Pin, E_Pin, F_Pin, G_Pin};                                                                                                    // pin number, add dot if necessary
      |                                                                              ^~~~~
      |                                                                              B1_Pin
make: *** [Core/Src/subdir.mk:34: Core/Src/main.o] Error 1
"make -j12 all" terminated with exit code 2. Build might be incomplete.
10:22:48 **** Incremental Build of configuration Debug for project Prueba Hola mundo ****
make -j12 all 
arm-none-eabi-gcc "../Core/Src/main.c" -mcpu=cortex-m4 -std=gnu11 -g3 -DDEBUG -DUSE_HAL_DRIVER -DSTM32F446xx -c -I../Core/Inc -I../Drivers/STM32F4xx_HAL_Driver/Inc -I../Drivers/STM32F4xx_HAL_Driver/Inc/Legacy -I../Drivers/CMSIS/Device/ST/STM32F4xx/Include -I../Drivers/CMSIS/Include -O0 -ffunction-sections -fdata-sections -Wall -fstack-usage -fcyclomatic-complexity -MMD -MP -MF"Core/Src/main.d" -MT"Core/Src/main.o" --specs=nano.specs -mfpu=fpv4-sp-d16 -mfloat-abi=hard -mthumb -o "Core/Src/main.o"
../Core/Src/main.c: In function 'showDisplay':
../Core/Src/main.c:313:42: error: 'A_GPIO_Port' undeclared (first use in this function); did you mean 'B1_GPIO_Port'?
  313 |         GPIO_TypeDef *display_ports[] = {A_GPIO_Port, B_GPIO_Port, C_GPIO_Port, D_GPIO_Port, E_GPIO_Port, F_GPIO_Port, G_GPIO_Port};    // pin port, add dot if necessary
      |                                          ^~~~~~~~~~~
      |                                          B1_GPIO_Port
../Core/Src/main.c:313:42: note: each undeclared identifier is reported only once for each function it appears in
../Core/Src/main.c:313:55: error: 'B_GPIO_Port' undeclared (first use in this function); did you mean 'B1_GPIO_Port'?
  313 |         GPIO_TypeDef *display_ports[] = {A_GPIO_Port, B_GPIO_Port, C_GPIO_Port, D_GPIO_Port, E_GPIO_Port, F_GPIO_Port, G_GPIO_Port};    // pin port, add dot if necessary
      |                                                       ^~~~~~~~~~~
      |                                                       B1_GPIO_Port
../Core/Src/main.c:313:68: error: 'C_GPIO_Port' undeclared (first use in this function); did you mean 'TCK_GPIO_Port'?
  313 |         GPIO_TypeDef *display_ports[] = {A_GPIO_Port, B_GPIO_Port, C_GPIO_Port, D_GPIO_Port, E_GPIO_Port, F_GPIO_Port, G_GPIO_Port};    // pin port, add dot if necessary
      |                                                                    ^~~~~~~~~~~
      |                                                                    TCK_GPIO_Port
../Core/Src/main.c:313:81: error: 'D_GPIO_Port' undeclared (first use in this function); did you mean 'B1_GPIO_Port'?
  313 |         GPIO_TypeDef *display_ports[] = {A_GPIO_Port, B_GPIO_Port, C_GPIO_Port, D_GPIO_Port, E_GPIO_Port, F_GPIO_Port, G_GPIO_Port};    // pin port, add dot if necessary
      |                                                                                 ^~~~~~~~~~~
      |                                                                                 B1_GPIO_Port
../Core/Src/main.c:313:94: error: 'E_GPIO_Port' undeclared (first use in this function); did you mean 'B1_GPIO_Port'?
  313 |         GPIO_TypeDef *display_ports[] = {A_GPIO_Port, B_GPIO_Port, C_GPIO_Port, D_GPIO_Port, E_GPIO_Port, F_GPIO_Port, G_GPIO_Port};    // pin port, add dot if necessary
      |                                                                                              ^~~~~~~~~~~
      |                                                                                              B1_GPIO_Port
../Core/Src/main.c:313:107: error: 'F_GPIO_Port' undeclared (first use in this function); did you mean 'B1_GPIO_Port'?
  313 |         GPIO_TypeDef *display_ports[] = {A_GPIO_Port, B_GPIO_Port, C_GPIO_Port, D_GPIO_Port, E_GPIO_Port, F_GPIO_Port, G_GPIO_Port};    // pin port, add dot if necessary
      |                                                                                                           ^~~~~~~~~~~
      |                                                                                                           B1_GPIO_Port
../Core/Src/main.c:313:120: error: 'G_GPIO_Port' undeclared (first use in this function); did you mean 'B1_GPIO_Port'?
  313 |         GPIO_TypeDef *display_ports[] = {A_GPIO_Port, B_GPIO_Port, C_GPIO_Port, D_GPIO_Port, E_GPIO_Port, F_GPIO_Port, G_GPIO_Port};    // pin port, add dot if necessary
      |                                                                                                                        ^~~~~~~~~~~
      |                                                                                                                        B1_GPIO_Port
../Core/Src/main.c:314:36: error: 'A_Pin' undeclared (first use in this function); did you mean 'B1_Pin'?
  314 |         uint16_t display_pins[] = {A_Pin, B_Pin, C_Pin, D_Pin, E_Pin, F_Pin, G_Pin};                                                                                                    // pin number, add dot if necessary
      |                                    ^~~~~
      |                                    B1_Pin
../Core/Src/main.c:314:43: error: 'B_Pin' undeclared (first use in this function); did you mean 'B1_Pin'?
  314 |         uint16_t display_pins[] = {A_Pin, B_Pin, C_Pin, D_Pin, E_Pin, F_Pin, G_Pin};                                                                                                    // pin number, add dot if necessary
      |                                           ^~~~~
      |                                           B1_Pin
../Core/Src/main.c:314:50: error: 'C_Pin' undeclared (first use in this function); did you mean 'TCK_Pin'?
  314 |         uint16_t display_pins[] = {A_Pin, B_Pin, C_Pin, D_Pin, E_Pin, F_Pin, G_Pin};                                                                                                    // pin number, add dot if necessary
      |                                                  ^~~~~
      |                                                  TCK_Pin
../Core/Src/main.c:314:57: error: 'D_Pin' undeclared (first use in this function); did you mean 'B1_Pin'?
  314 |         uint16_t display_pins[] = {A_Pin, B_Pin, C_Pin, D_Pin, E_Pin, F_Pin, G_Pin};                                                                                                    // pin number, add dot if necessary
      |                                                         ^~~~~
      |                                                         B1_Pin
../Core/Src/main.c:314:64: error: 'E_Pin' undeclared (first use in this function); did you mean 'B1_Pin'?
  314 |         uint16_t display_pins[] = {A_Pin, B_Pin, C_Pin, D_Pin, E_Pin, F_Pin, G_Pin};                                                                                                    // pin number, add dot if necessary
      |                                                                ^~~~~
      |                                                                B1_Pin
../Core/Src/main.c:314:71: error: 'F_Pin' undeclared (first use in this function); did you mean 'B1_Pin'?
  314 |         uint16_t display_pins[] = {A_Pin, B_Pin, C_Pin, D_Pin, E_Pin, F_Pin, G_Pin};                                                                                                    // pin number, add dot if necessary
      |                                                                       ^~~~~
      |                                                                       B1_Pin
../Core/Src/main.c:314:78: error: 'G_Pin' undeclared (first use in this function); did you mean 'B1_Pin'?
  314 |         uint16_t display_pins[] = {A_Pin, B_Pin, C_Pin, D_Pin, E_Pin, F_Pin, G_Pin};                                                                                                    // pin number, add dot if necessary
      |                                                                              ^~~~~
      |                                                                              B1_Pin
make: *** [Core/Src/subdir.mk:34: Core/Src/main.o] Error 1
"make -j12 all" terminated with exit code 2. Build might be incomplete.
10:27:54 **** Incremental Build of configuration Debug for project Prueba Hola mundo ****
make -j12 all 
arm-none-eabi-gcc "../Core/Src/main.c" -mcpu=cortex-m4 -std=gnu11 -g3 -DDEBUG -DUSE_HAL_DRIVER -DSTM32F446xx -c -I../Core/Inc -I../Drivers/STM32F4xx_HAL_Driver/Inc -I../Drivers/STM32F4xx_HAL_Driver/Inc/Legacy -I../Drivers/CMSIS/Device/ST/STM32F4xx/Include -I../Drivers/CMSIS/Include -O0 -ffunction-sections -fdata-sections -Wall -fstack-usage -fcyclomatic-complexity -MMD -MP -MF"Core/Src/main.d" -MT"Core/Src/main.o" --specs=nano.specs -mfpu=fpv4-sp-d16 -mfloat-abi=hard -mthumb -o "Core/Src/main.o"
../Core/Src/main.c: In function 'showDisplay':
../Core/Src/main.c:313:42: error: 'A_GPIO_Port' undeclared (first use in this function); did you mean 'B1_GPIO_Port'?
  313 |         GPIO_TypeDef *display_ports[] = {A_GPIO_Port, B_GPIO_Port, C_GPIO_Port, D_GPIO_Port, E_GPIO_Port, F_GPIO_Port, G_GPIO_Port};    // pin port, add dot if necessary
      |                                          ^~~~~~~~~~~
      |                                          B1_GPIO_Port
../Core/Src/main.c:313:42: note: each undeclared identifier is reported only once for each function it appears in
../Core/Src/main.c:313:55: error: 'B_GPIO_Port' undeclared (first use in this function); did you mean 'B1_GPIO_Port'?
  313 |         GPIO_TypeDef *display_ports[] = {A_GPIO_Port, B_GPIO_Port, C_GPIO_Port, D_GPIO_Port, E_GPIO_Port, F_GPIO_Port, G_GPIO_Port};    // pin port, add dot if necessary
      |                                                       ^~~~~~~~~~~
      |                                                       B1_GPIO_Port
../Core/Src/main.c:313:68: error: 'C_GPIO_Port' undeclared (first use in this function); did you mean 'TCK_GPIO_Port'?
  313 |         GPIO_TypeDef *display_ports[] = {A_GPIO_Port, B_GPIO_Port, C_GPIO_Port, D_GPIO_Port, E_GPIO_Port, F_GPIO_Port, G_GPIO_Port};    // pin port, add dot if necessary
      |                                                                    ^~~~~~~~~~~
      |                                                                    TCK_GPIO_Port
../Core/Src/main.c:313:81: error: 'D_GPIO_Port' undeclared (first use in this function); did you mean 'B1_GPIO_Port'?
  313 |         GPIO_TypeDef *display_ports[] = {A_GPIO_Port, B_GPIO_Port, C_GPIO_Port, D_GPIO_Port, E_GPIO_Port, F_GPIO_Port, G_GPIO_Port};    // pin port, add dot if necessary
      |                                                                                 ^~~~~~~~~~~
      |                                                                                 B1_GPIO_Port
../Core/Src/main.c:313:94: error: 'E_GPIO_Port' undeclared (first use in this function); did you mean 'B1_GPIO_Port'?
  313 |         GPIO_TypeDef *display_ports[] = {A_GPIO_Port, B_GPIO_Port, C_GPIO_Port, D_GPIO_Port, E_GPIO_Port, F_GPIO_Port, G_GPIO_Port};    // pin port, add dot if necessary
      |                                                                                              ^~~~~~~~~~~
      |                                                                                              B1_GPIO_Port
../Core/Src/main.c:313:107: error: 'F_GPIO_Port' undeclared (first use in this function); did you mean 'B1_GPIO_Port'?
  313 |         GPIO_TypeDef *display_ports[] = {A_GPIO_Port, B_GPIO_Port, C_GPIO_Port, D_GPIO_Port, E_GPIO_Port, F_GPIO_Port, G_GPIO_Port};    // pin port, add dot if necessary
      |                                                                                                           ^~~~~~~~~~~
      |                                                                                                           B1_GPIO_Port
../Core/Src/main.c:313:120: error: 'G_GPIO_Port' undeclared (first use in this function); did you mean 'B1_GPIO_Port'?
  313 |         GPIO_TypeDef *display_ports[] = {A_GPIO_Port, B_GPIO_Port, C_GPIO_Port, D_GPIO_Port, E_GPIO_Port, F_GPIO_Port, G_GPIO_Port};    // pin port, add dot if necessary
      |                                                                                                                        ^~~~~~~~~~~
      |                                                                                                                        B1_GPIO_Port
../Core/Src/main.c:314:36: error: 'A_Pin' undeclared (first use in this function); did you mean 'B1_Pin'?
  314 |         uint16_t display_pins[] = {A_Pin, B_Pin, C_Pin, D_Pin, E_Pin, F_Pin, G_Pin};                                                                                                    // pin number, add dot if necessary
      |                                    ^~~~~
      |                                    B1_Pin
../Core/Src/main.c:314:43: error: 'B_Pin' undeclared (first use in this function); did you mean 'B1_Pin'?
  314 |         uint16_t display_pins[] = {A_Pin, B_Pin, C_Pin, D_Pin, E_Pin, F_Pin, G_Pin};                                                                                                    // pin number, add dot if necessary
      |                                           ^~~~~
      |                                           B1_Pin
../Core/Src/main.c:314:50: error: 'C_Pin' undeclared (first use in this function); did you mean 'TCK_Pin'?
  314 |         uint16_t display_pins[] = {A_Pin, B_Pin, C_Pin, D_Pin, E_Pin, F_Pin, G_Pin};                                                                                                    // pin number, add dot if necessary
      |                                                  ^~~~~
      |                                                  TCK_Pin
../Core/Src/main.c:314:57: error: 'D_Pin' undeclared (first use in this function); did you mean 'B1_Pin'?
  314 |         uint16_t display_pins[] = {A_Pin, B_Pin, C_Pin, D_Pin, E_Pin, F_Pin, G_Pin};                                                                                                    // pin number, add dot if necessary
      |                                                         ^~~~~
      |                                                         B1_Pin
../Core/Src/main.c:314:64: error: 'E_Pin' undeclared (first use in this function); did you mean 'B1_Pin'?
  314 |         uint16_t display_pins[] = {A_Pin, B_Pin, C_Pin, D_Pin, E_Pin, F_Pin, G_Pin};                                                                                                    // pin number, add dot if necessary
      |                                                                ^~~~~
      |                                                                B1_Pin
../Core/Src/main.c:314:71: error: 'F_Pin' undeclared (first use in this function); did you mean 'B1_Pin'?
  314 |         uint16_t display_pins[] = {A_Pin, B_Pin, C_Pin, D_Pin, E_Pin, F_Pin, G_Pin};                                                                                                    // pin number, add dot if necessary
      |                                                                       ^~~~~
      |                                                                       B1_Pin
../Core/Src/main.c:314:78: error: 'G_Pin' undeclared (first use in this function); did you mean 'B1_Pin'?
  314 |         uint16_t display_pins[] = {A_Pin, B_Pin, C_Pin, D_Pin, E_Pin, F_Pin, G_Pin};                                                                                                    // pin number, add dot if necessary
      |                                                                              ^~~~~
      |                                                                              B1_Pin
make: *** [Core/Src/subdir.mk:34: Core/Src/main.o] Error 1
"make -j12 all" terminated with exit code 2. Build might be incomplete.
10:28:06 **** Incremental Build of configuration Debug for project Prueba Hola mundo ****
make -j12 all 
arm-none-eabi-gcc "../Core/Src/main.c" -mcpu=cortex-m4 -std=gnu11 -g3 -DDEBUG -DUSE_HAL_DRIVER -DSTM32F446xx -c -I../Core/Inc -I../Drivers/STM32F4xx_HAL_Driver/Inc -I../Drivers/STM32F4xx_HAL_Driver/Inc/Legacy -I../Drivers/CMSIS/Device/ST/STM32F4xx/Include -I../Drivers/CMSIS/Include -O0 -ffunction-sections -fdata-sections -Wall -fstack-usage -fcyclomatic-complexity -MMD -MP -MF"Core/Src/main.d" -MT"Core/Src/main.o" --specs=nano.specs -mfpu=fpv4-sp-d16 -mfloat-abi=hard -mthumb -o "Core/Src/main.o"
../Core/Src/main.c: In function 'showDisplay':
../Core/Src/main.c:313:42: error: 'A_GPIO_Port' undeclared (first use in this function); did you mean 'B1_GPIO_Port'?
  313 |         GPIO_TypeDef *display_ports[] = {A_GPIO_Port, B_GPIO_Port, C_GPIO_Port, D_GPIO_Port, E_GPIO_Port, F_GPIO_Port, G_GPIO_Port};    // pin port, add dot if necessary
      |                                          ^~~~~~~~~~~
      |                                          B1_GPIO_Port
../Core/Src/main.c:313:42: note: each undeclared identifier is reported only once for each function it appears in
../Core/Src/main.c:313:55: error: 'B_GPIO_Port' undeclared (first use in this function); did you mean 'B1_GPIO_Port'?
  313 |         GPIO_TypeDef *display_ports[] = {A_GPIO_Port, B_GPIO_Port, C_GPIO_Port, D_GPIO_Port, E_GPIO_Port, F_GPIO_Port, G_GPIO_Port};    // pin port, add dot if necessary
      |                                                       ^~~~~~~~~~~
      |                                                       B1_GPIO_Port
../Core/Src/main.c:313:68: error: 'C_GPIO_Port' undeclared (first use in this function); did you mean 'TCK_GPIO_Port'?
  313 |         GPIO_TypeDef *display_ports[] = {A_GPIO_Port, B_GPIO_Port, C_GPIO_Port, D_GPIO_Port, E_GPIO_Port, F_GPIO_Port, G_GPIO_Port};    // pin port, add dot if necessary
      |                                                                    ^~~~~~~~~~~
      |                                                                    TCK_GPIO_Port
../Core/Src/main.c:313:81: error: 'D_GPIO_Port' undeclared (first use in this function); did you mean 'B1_GPIO_Port'?
  313 |         GPIO_TypeDef *display_ports[] = {A_GPIO_Port, B_GPIO_Port, C_GPIO_Port, D_GPIO_Port, E_GPIO_Port, F_GPIO_Port, G_GPIO_Port};    // pin port, add dot if necessary
      |                                                                                 ^~~~~~~~~~~
      |                                                                                 B1_GPIO_Port
../Core/Src/main.c:313:94: error: 'E_GPIO_Port' undeclared (first use in this function); did you mean 'B1_GPIO_Port'?
  313 |         GPIO_TypeDef *display_ports[] = {A_GPIO_Port, B_GPIO_Port, C_GPIO_Port, D_GPIO_Port, E_GPIO_Port, F_GPIO_Port, G_GPIO_Port};    // pin port, add dot if necessary
      |                                                                                              ^~~~~~~~~~~
      |                                                                                              B1_GPIO_Port
../Core/Src/main.c:313:107: error: 'F_GPIO_Port' undeclared (first use in this function); did you mean 'B1_GPIO_Port'?
  313 |         GPIO_TypeDef *display_ports[] = {A_GPIO_Port, B_GPIO_Port, C_GPIO_Port, D_GPIO_Port, E_GPIO_Port, F_GPIO_Port, G_GPIO_Port};    // pin port, add dot if necessary
      |                                                                                                           ^~~~~~~~~~~
      |                                                                                                           B1_GPIO_Port
../Core/Src/main.c:313:120: error: 'G_GPIO_Port' undeclared (first use in this function); did you mean 'B1_GPIO_Port'?
  313 |         GPIO_TypeDef *display_ports[] = {A_GPIO_Port, B_GPIO_Port, C_GPIO_Port, D_GPIO_Port, E_GPIO_Port, F_GPIO_Port, G_GPIO_Port};    // pin port, add dot if necessary
      |                                                                                                                        ^~~~~~~~~~~
      |                                                                                                                        B1_GPIO_Port
../Core/Src/main.c:314:36: error: 'A_Pin' undeclared (first use in this function); did you mean 'B1_Pin'?
  314 |         uint16_t display_pins[] = {A_Pin, B_Pin, C_Pin, D_Pin, E_Pin, F_Pin, G_Pin};                                                                                                    // pin number, add dot if necessary
      |                                    ^~~~~
      |                                    B1_Pin
../Core/Src/main.c:314:43: error: 'B_Pin' undeclared (first use in this function); did you mean 'B1_Pin'?
  314 |         uint16_t display_pins[] = {A_Pin, B_Pin, C_Pin, D_Pin, E_Pin, F_Pin, G_Pin};                                                                                                    // pin number, add dot if necessary
      |                                           ^~~~~
      |                                           B1_Pin
../Core/Src/main.c:314:50: error: 'C_Pin' undeclared (first use in this function); did you mean 'TCK_Pin'?
  314 |         uint16_t display_pins[] = {A_Pin, B_Pin, C_Pin, D_Pin, E_Pin, F_Pin, G_Pin};                                                                                                    // pin number, add dot if necessary
      |                                                  ^~~~~
      |                                                  TCK_Pin
../Core/Src/main.c:314:57: error: 'D_Pin' undeclared (first use in this function); did you mean 'B1_Pin'?
  314 |         uint16_t display_pins[] = {A_Pin, B_Pin, C_Pin, D_Pin, E_Pin, F_Pin, G_Pin};                                                                                                    // pin number, add dot if necessary
      |                                                         ^~~~~
      |                                                         B1_Pin
../Core/Src/main.c:314:64: error: 'E_Pin' undeclared (first use in this function); did you mean 'B1_Pin'?
  314 |         uint16_t display_pins[] = {A_Pin, B_Pin, C_Pin, D_Pin, E_Pin, F_Pin, G_Pin};                                                                                                    // pin number, add dot if necessary
      |                                                                ^~~~~
      |                                                                B1_Pin
../Core/Src/main.c:314:71: error: 'F_Pin' undeclared (first use in this function); did you mean 'B1_Pin'?
  314 |         uint16_t display_pins[] = {A_Pin, B_Pin, C_Pin, D_Pin, E_Pin, F_Pin, G_Pin};                                                                                                    // pin number, add dot if necessary
      |                                                                       ^~~~~
      |                                                                       B1_Pin
../Core/Src/main.c:314:78: error: 'G_Pin' undeclared (first use in this function); did you mean 'B1_Pin'?
  314 |         uint16_t display_pins[] = {A_Pin, B_Pin, C_Pin, D_Pin, E_Pin, F_Pin, G_Pin};                                                                                                    // pin number, add dot if necessary
      |                                                                              ^~~~~
      |                                                                              B1_Pin
make: *** [Core/Src/subdir.mk:34: Core/Src/main.o] Error 1
"make -j12 all" terminated with exit code 2. Build might be incomplete.
10:31:54 **** Incremental Build of configuration Debug for project Prueba Hola mundo ****
make -j12 all 
arm-none-eabi-gcc "../Core/Src/main.c" -mcpu=cortex-m4 -std=gnu11 -g3 -DDEBUG -DUSE_HAL_DRIVER -DSTM32F446xx -c -I../Core/Inc -I../Drivers/STM32F4xx_HAL_Driver/Inc -I../Drivers/STM32F4xx_HAL_Driver/Inc/Legacy -I../Drivers/CMSIS/Device/ST/STM32F4xx/Include -I../Drivers/CMSIS/Include -O0 -ffunction-sections -fdata-sections -Wall -fstack-usage -fcyclomatic-complexity -MMD -MP -MF"Core/Src/main.d" -MT"Core/Src/main.o" --specs=nano.specs -mfpu=fpv4-sp-d16 -mfloat-abi=hard -mthumb -o "Core/Src/main.o"
../Core/Src/main.c: In function 'showDisplay':
../Core/Src/main.c:313:42: error: 'A_GPIO_Port' undeclared (first use in this function); did you mean 'B1_GPIO_Port'?
  313 |         GPIO_TypeDef *display_ports[] = {A_GPIO_Port, B_GPIO_Port, C_GPIO_Port, D_GPIO_Port, E_GPIO_Port, F_GPIO_Port, G_GPIO_Port};    // pin port, add dot if necessary
      |                                          ^~~~~~~~~~~
      |                                          B1_GPIO_Port
../Core/Src/main.c:313:42: note: each undeclared identifier is reported only once for each function it appears in
../Core/Src/main.c:313:55: error: 'B_GPIO_Port' undeclared (first use in this function); did you mean 'B1_GPIO_Port'?
  313 |         GPIO_TypeDef *display_ports[] = {A_GPIO_Port, B_GPIO_Port, C_GPIO_Port, D_GPIO_Port, E_GPIO_Port, F_GPIO_Port, G_GPIO_Port};    // pin port, add dot if necessary
      |                                                       ^~~~~~~~~~~
      |                                                       B1_GPIO_Port
../Core/Src/main.c:313:68: error: 'C_GPIO_Port' undeclared (first use in this function); did you mean 'TCK_GPIO_Port'?
  313 |         GPIO_TypeDef *display_ports[] = {A_GPIO_Port, B_GPIO_Port, C_GPIO_Port, D_GPIO_Port, E_GPIO_Port, F_GPIO_Port, G_GPIO_Port};    // pin port, add dot if necessary
      |                                                                    ^~~~~~~~~~~
      |                                                                    TCK_GPIO_Port
../Core/Src/main.c:313:81: error: 'D_GPIO_Port' undeclared (first use in this function); did you mean 'B1_GPIO_Port'?
  313 |         GPIO_TypeDef *display_ports[] = {A_GPIO_Port, B_GPIO_Port, C_GPIO_Port, D_GPIO_Port, E_GPIO_Port, F_GPIO_Port, G_GPIO_Port};    // pin port, add dot if necessary
      |                                                                                 ^~~~~~~~~~~
      |                                                                                 B1_GPIO_Port
../Core/Src/main.c:313:94: error: 'E_GPIO_Port' undeclared (first use in this function); did you mean 'B1_GPIO_Port'?
  313 |         GPIO_TypeDef *display_ports[] = {A_GPIO_Port, B_GPIO_Port, C_GPIO_Port, D_GPIO_Port, E_GPIO_Port, F_GPIO_Port, G_GPIO_Port};    // pin port, add dot if necessary
      |                                                                                              ^~~~~~~~~~~
      |                                                                                              B1_GPIO_Port
../Core/Src/main.c:313:107: error: 'F_GPIO_Port' undeclared (first use in this function); did you mean 'B1_GPIO_Port'?
  313 |         GPIO_TypeDef *display_ports[] = {A_GPIO_Port, B_GPIO_Port, C_GPIO_Port, D_GPIO_Port, E_GPIO_Port, F_GPIO_Port, G_GPIO_Port};    // pin port, add dot if necessary
      |                                                                                                           ^~~~~~~~~~~
      |                                                                                                           B1_GPIO_Port
../Core/Src/main.c:313:120: error: 'G_GPIO_Port' undeclared (first use in this function); did you mean 'B1_GPIO_Port'?
  313 |         GPIO_TypeDef *display_ports[] = {A_GPIO_Port, B_GPIO_Port, C_GPIO_Port, D_GPIO_Port, E_GPIO_Port, F_GPIO_Port, G_GPIO_Port};    // pin port, add dot if necessary
      |                                                                                                                        ^~~~~~~~~~~
      |                                                                                                                        B1_GPIO_Port
../Core/Src/main.c:314:36: error: 'A_Pin' undeclared (first use in this function); did you mean 'B1_Pin'?
  314 |         uint16_t display_pins[] = {A_Pin, B_Pin, C_Pin, D_Pin, E_Pin, F_Pin, G_Pin};                                                                                                    // pin number, add dot if necessary
      |                                    ^~~~~
      |                                    B1_Pin
../Core/Src/main.c:314:43: error: 'B_Pin' undeclared (first use in this function); did you mean 'B1_Pin'?
  314 |         uint16_t display_pins[] = {A_Pin, B_Pin, C_Pin, D_Pin, E_Pin, F_Pin, G_Pin};                                                                                                    // pin number, add dot if necessary
      |                                           ^~~~~
      |                                           B1_Pin
../Core/Src/main.c:314:50: error: 'C_Pin' undeclared (first use in this function); did you mean 'TCK_Pin'?
  314 |         uint16_t display_pins[] = {A_Pin, B_Pin, C_Pin, D_Pin, E_Pin, F_Pin, G_Pin};                                                                                                    // pin number, add dot if necessary
      |                                                  ^~~~~
      |                                                  TCK_Pin
../Core/Src/main.c:314:57: error: 'D_Pin' undeclared (first use in this function); did you mean 'B1_Pin'?
  314 |         uint16_t display_pins[] = {A_Pin, B_Pin, C_Pin, D_Pin, E_Pin, F_Pin, G_Pin};                                                                                                    // pin number, add dot if necessary
      |                                                         ^~~~~
      |                                                         B1_Pin
../Core/Src/main.c:314:64: error: 'E_Pin' undeclared (first use in this function); did you mean 'B1_Pin'?
  314 |         uint16_t display_pins[] = {A_Pin, B_Pin, C_Pin, D_Pin, E_Pin, F_Pin, G_Pin};                                                                                                    // pin number, add dot if necessary
      |                                                                ^~~~~
      |                                                                B1_Pin
../Core/Src/main.c:314:71: error: 'F_Pin' undeclared (first use in this function); did you mean 'B1_Pin'?
  314 |         uint16_t display_pins[] = {A_Pin, B_Pin, C_Pin, D_Pin, E_Pin, F_Pin, G_Pin};                                                                                                    // pin number, add dot if necessary
      |                                                                       ^~~~~
      |                                                                       B1_Pin
../Core/Src/main.c:314:78: error: 'G_Pin' undeclared (first use in this function); did you mean 'B1_Pin'?
  314 |         uint16_t display_pins[] = {A_Pin, B_Pin, C_Pin, D_Pin, E_Pin, F_Pin, G_Pin};                                                                                                    // pin number, add dot if necessary
      |                                                                              ^~~~~
      |                                                                              B1_Pin
make: *** [Core/Src/subdir.mk:34: Core/Src/main.o] Error 1
"make -j12 all" terminated with exit code 2. Build might be incomplete.
10:32:05 **** Incremental Build of configuration Debug for project Prueba Hola mundo ****
make -j12 all 
arm-none-eabi-gcc "../Core/Src/main.c" -mcpu=cortex-m4 -std=gnu11 -g3 -DDEBUG -DUSE_HAL_DRIVER -DSTM32F446xx -c -I../Core/Inc -I../Drivers/STM32F4xx_HAL_Driver/Inc -I../Drivers/STM32F4xx_HAL_Driver/Inc/Legacy -I../Drivers/CMSIS/Device/ST/STM32F4xx/Include -I../Drivers/CMSIS/Include -O0 -ffunction-sections -fdata-sections -Wall -fstack-usage -fcyclomatic-complexity -MMD -MP -MF"Core/Src/main.d" -MT"Core/Src/main.o" --specs=nano.specs -mfpu=fpv4-sp-d16 -mfloat-abi=hard -mthumb -o "Core/Src/main.o"
../Core/Src/main.c: In function 'showDisplay':
../Core/Src/main.c:313:42: error: 'A_GPIO_Port' undeclared (first use in this function); did you mean 'B1_GPIO_Port'?
  313 |         GPIO_TypeDef *display_ports[] = {A_GPIO_Port, B_GPIO_Port, C_GPIO_Port, D_GPIO_Port, E_GPIO_Port, F_GPIO_Port, G_GPIO_Port};    // pin port, add dot if necessary
      |                                          ^~~~~~~~~~~
      |                                          B1_GPIO_Port
../Core/Src/main.c:313:42: note: each undeclared identifier is reported only once for each function it appears in
../Core/Src/main.c:313:55: error: 'B_GPIO_Port' undeclared (first use in this function); did you mean 'B1_GPIO_Port'?
  313 |         GPIO_TypeDef *display_ports[] = {A_GPIO_Port, B_GPIO_Port, C_GPIO_Port, D_GPIO_Port, E_GPIO_Port, F_GPIO_Port, G_GPIO_Port};    // pin port, add dot if necessary
      |                                                       ^~~~~~~~~~~
      |                                                       B1_GPIO_Port
../Core/Src/main.c:313:68: error: 'C_GPIO_Port' undeclared (first use in this function); did you mean 'TCK_GPIO_Port'?
  313 |         GPIO_TypeDef *display_ports[] = {A_GPIO_Port, B_GPIO_Port, C_GPIO_Port, D_GPIO_Port, E_GPIO_Port, F_GPIO_Port, G_GPIO_Port};    // pin port, add dot if necessary
      |                                                                    ^~~~~~~~~~~
      |                                                                    TCK_GPIO_Port
../Core/Src/main.c:313:81: error: 'D_GPIO_Port' undeclared (first use in this function); did you mean 'B1_GPIO_Port'?
  313 |         GPIO_TypeDef *display_ports[] = {A_GPIO_Port, B_GPIO_Port, C_GPIO_Port, D_GPIO_Port, E_GPIO_Port, F_GPIO_Port, G_GPIO_Port};    // pin port, add dot if necessary
      |                                                                                 ^~~~~~~~~~~
      |                                                                                 B1_GPIO_Port
../Core/Src/main.c:313:94: error: 'E_GPIO_Port' undeclared (first use in this function); did you mean 'B1_GPIO_Port'?
  313 |         GPIO_TypeDef *display_ports[] = {A_GPIO_Port, B_GPIO_Port, C_GPIO_Port, D_GPIO_Port, E_GPIO_Port, F_GPIO_Port, G_GPIO_Port};    // pin port, add dot if necessary
      |                                                                                              ^~~~~~~~~~~
      |                                                                                              B1_GPIO_Port
../Core/Src/main.c:313:107: error: 'F_GPIO_Port' undeclared (first use in this function); did you mean 'B1_GPIO_Port'?
  313 |         GPIO_TypeDef *display_ports[] = {A_GPIO_Port, B_GPIO_Port, C_GPIO_Port, D_GPIO_Port, E_GPIO_Port, F_GPIO_Port, G_GPIO_Port};    // pin port, add dot if necessary
      |                                                                                                           ^~~~~~~~~~~
      |                                                                                                           B1_GPIO_Port
../Core/Src/main.c:313:120: error: 'G_GPIO_Port' undeclared (first use in this function); did you mean 'B1_GPIO_Port'?
  313 |         GPIO_TypeDef *display_ports[] = {A_GPIO_Port, B_GPIO_Port, C_GPIO_Port, D_GPIO_Port, E_GPIO_Port, F_GPIO_Port, G_GPIO_Port};    // pin port, add dot if necessary
      |                                                                                                                        ^~~~~~~~~~~
      |                                                                                                                        B1_GPIO_Port
../Core/Src/main.c:314:36: error: 'A_Pin' undeclared (first use in this function); did you mean 'B1_Pin'?
  314 |         uint16_t display_pins[] = {A_Pin, B_Pin, C_Pin, D_Pin, E_Pin, F_Pin, G_Pin};                                                                                                    // pin number, add dot if necessary
      |                                    ^~~~~
      |                                    B1_Pin
../Core/Src/main.c:314:43: error: 'B_Pin' undeclared (first use in this function); did you mean 'B1_Pin'?
  314 |         uint16_t display_pins[] = {A_Pin, B_Pin, C_Pin, D_Pin, E_Pin, F_Pin, G_Pin};                                                                                                    // pin number, add dot if necessary
      |                                           ^~~~~
      |                                           B1_Pin
../Core/Src/main.c:314:50: error: 'C_Pin' undeclared (first use in this function); did you mean 'TCK_Pin'?
  314 |         uint16_t display_pins[] = {A_Pin, B_Pin, C_Pin, D_Pin, E_Pin, F_Pin, G_Pin};                                                                                                    // pin number, add dot if necessary
      |                                                  ^~~~~
      |                                                  TCK_Pin
../Core/Src/main.c:314:57: error: 'D_Pin' undeclared (first use in this function); did you mean 'B1_Pin'?
  314 |         uint16_t display_pins[] = {A_Pin, B_Pin, C_Pin, D_Pin, E_Pin, F_Pin, G_Pin};                                                                                                    // pin number, add dot if necessary
      |                                                         ^~~~~
      |                                                         B1_Pin
../Core/Src/main.c:314:64: error: 'E_Pin' undeclared (first use in this function); did you mean 'B1_Pin'?
  314 |         uint16_t display_pins[] = {A_Pin, B_Pin, C_Pin, D_Pin, E_Pin, F_Pin, G_Pin};                                                                                                    // pin number, add dot if necessary
      |                                                                ^~~~~
      |                                                                B1_Pin
../Core/Src/main.c:314:71: error: 'F_Pin' undeclared (first use in this function); did you mean 'B1_Pin'?
  314 |         uint16_t display_pins[] = {A_Pin, B_Pin, C_Pin, D_Pin, E_Pin, F_Pin, G_Pin};                                                                                                    // pin number, add dot if necessary
      |                                                                       ^~~~~
      |                                                                       B1_Pin
../Core/Src/main.c:314:78: error: 'G_Pin' undeclared (first use in this function); did you mean 'B1_Pin'?
  314 |         uint16_t display_pins[] = {A_Pin, B_Pin, C_Pin, D_Pin, E_Pin, F_Pin, G_Pin};                                                                                                    // pin number, add dot if necessary
      |                                                                              ^~~~~
      |                                                                              B1_Pin
make: *** [Core/Src/subdir.mk:34: Core/Src/main.o] Error 1
"make -j12 all" terminated with exit code 2. Build might be incomplete.
10:32:34 **** Incremental Build of configuration Debug for project Prueba Hola mundo ****
make -j12 all 
arm-none-eabi-gcc "../Core/Src/main.c" -mcpu=cortex-m4 -std=gnu11 -g3 -DDEBUG -DUSE_HAL_DRIVER -DSTM32F446xx -c -I../Core/Inc -I../Drivers/STM32F4xx_HAL_Driver/Inc -I../Drivers/STM32F4xx_HAL_Driver/Inc/Legacy -I../Drivers/CMSIS/Device/ST/STM32F4xx/Include -I../Drivers/CMSIS/Include -O0 -ffunction-sections -fdata-sections -Wall -fstack-usage -fcyclomatic-complexity -MMD -MP -MF"Core/Src/main.d" -MT"Core/Src/main.o" --specs=nano.specs -mfpu=fpv4-sp-d16 -mfloat-abi=hard -mthumb -o "Core/Src/main.o"
arm-none-eabi-gcc -o "Prueba Hola mundo.elf" @"objects.list"   -mcpu=cortex-m4 -T"C:\Users\Chris Q\Documents\Electronica Digital 2\Laboratorios\Digital-2\Prueba Hola mundo\STM32F446RETX_FLASH.ld" --specs=nosys.specs -Wl,-Map="Prueba Hola mundo.map" -Wl,--gc-sections -static --specs=nano.specs -mfpu=fpv4-sp-d16 -mfloat-abi=hard -mthumb -Wl,--start-group -lc -lm -Wl,--end-group
Finished building target: Prueba Hola mundo.elf
 
arm-none-eabi-size  Prueba\ Hola\ mundo.elf 
arm-none-eabi-objdump -h -S Prueba\ Hola\ mundo.elf  > "Prueba Hola mundo.list"
   text	   data	    bss	    dec	    hex	filename
   9068	     60	   1644	  10772	   2a14	Prueba Hola mundo.elf
Finished building: default.size.stdout
 
Finished building: Prueba Hola mundo.list
 
11:13:48 **** Incremental Build of configuration Debug for project Prueba Hola mundo ****
make -j12 all 
arm-none-eabi-gcc "../Core/Src/main.c" -mcpu=cortex-m4 -std=gnu11 -g3 -DDEBUG -DUSE_HAL_DRIVER -DSTM32F446xx -c -I../Core/Inc -I../Drivers/STM32F4xx_HAL_Driver/Inc -I../Drivers/STM32F4xx_HAL_Driver/Inc/Legacy -I../Drivers/CMSIS/Device/ST/STM32F4xx/Include -I../Drivers/CMSIS/Include -O0 -ffunction-sections -fdata-sections -Wall -fstack-usage -fcyclomatic-complexity -MMD -MP -MF"Core/Src/main.d" -MT"Core/Src/main.o" --specs=nano.specs -mfpu=fpv4-sp-d16 -mfloat-abi=hard -mthumb -o "Core/Src/main.o"
arm-none-eabi-gcc "../Core/Src/stm32f4xx_it.c" -mcpu=cortex-m4 -std=gnu11 -g3 -DDEBUG -DUSE_HAL_DRIVER -DSTM32F446xx -c -I../Core/Inc -I../Drivers/STM32F4xx_HAL_Driver/Inc -I../Drivers/STM32F4xx_HAL_Driver/Inc/Legacy -I../Drivers/CMSIS/Device/ST/STM32F4xx/Include -I../Drivers/CMSIS/Include -O0 -ffunction-sections -fdata-sections -Wall -fstack-usage -fcyclomatic-complexity -MMD -MP -MF"Core/Src/stm32f4xx_it.d" -MT"Core/Src/stm32f4xx_it.o" --specs=nano.specs -mfpu=fpv4-sp-d16 -mfloat-abi=hard -mthumb -o "Core/Src/stm32f4xx_it.o"
arm-none-eabi-gcc -o "Prueba Hola mundo.elf" @"objects.list"   -mcpu=cortex-m4 -T"C:\Users\Chris Q\Documents\Electronica Digital 2\Laboratorios\Digital-2\Prueba Hola mundo\STM32F446RETX_FLASH.ld" --specs=nosys.specs -Wl,-Map="Prueba Hola mundo.map" -Wl,--gc-sections -static --specs=nano.specs -mfpu=fpv4-sp-d16 -mfloat-abi=hard -mthumb -Wl,--start-group -lc -lm -Wl,--end-group
Finished building target: Prueba Hola mundo.elf
 
arm-none-eabi-size  Prueba\ Hola\ mundo.elf 
arm-none-eabi-objdump -h -S Prueba\ Hola\ mundo.elf  > "Prueba Hola mundo.list"
   text	   data	    bss	    dec	    hex	filename
   8964	     60	   1644	  10668	   29ac	Prueba Hola mundo.elf
Finished building: default.size.stdout
 
Finished building: Prueba Hola mundo.list
 
11:13:57 **** Incremental Build of configuration Debug for project Prueba Hola mundo ****
make -j12 all 
arm-none-eabi-size  Prueba\ Hola\ mundo.elf 
   text	   data	    bss	    dec	    hex	filename
   8964	     60	   1644	  10668	   29ac	Prueba Hola mundo.elf
Finished building: default.size.stdout
 
11:36:39 **** Incremental Build of configuration Debug for project Prueba Hola mundo ****
make -j12 all 
arm-none-eabi-gcc "../Core/Src/main.c" -mcpu=cortex-m4 -std=gnu11 -g3 -DDEBUG -DUSE_HAL_DRIVER -DSTM32F446xx -c -I../Core/Inc -I../Drivers/STM32F4xx_HAL_Driver/Inc -I../Drivers/STM32F4xx_HAL_Driver/Inc/Legacy -I../Drivers/CMSIS/Device/ST/STM32F4xx/Include -I../Drivers/CMSIS/Include -O0 -ffunction-sections -fdata-sections -Wall -fstack-usage -fcyclomatic-complexity -MMD -MP -MF"Core/Src/main.d" -MT"Core/Src/main.o" --specs=nano.specs -mfpu=fpv4-sp-d16 -mfloat-abi=hard -mthumb -o "Core/Src/main.o"
arm-none-eabi-gcc "../Core/Src/stm32f4xx_hal_msp.c" -mcpu=cortex-m4 -std=gnu11 -g3 -DDEBUG -DUSE_HAL_DRIVER -DSTM32F446xx -c -I../Core/Inc -I../Drivers/STM32F4xx_HAL_Driver/Inc -I../Drivers/STM32F4xx_HAL_Driver/Inc/Legacy -I../Drivers/CMSIS/Device/ST/STM32F4xx/Include -I../Drivers/CMSIS/Include -O0 -ffunction-sections -fdata-sections -Wall -fstack-usage -fcyclomatic-complexity -MMD -MP -MF"Core/Src/stm32f4xx_hal_msp.d" -MT"Core/Src/stm32f4xx_hal_msp.o" --specs=nano.specs -mfpu=fpv4-sp-d16 -mfloat-abi=hard -mthumb -o "Core/Src/stm32f4xx_hal_msp.o"
arm-none-eabi-gcc "../Core/Src/stm32f4xx_it.c" -mcpu=cortex-m4 -std=gnu11 -g3 -DDEBUG -DUSE_HAL_DRIVER -DSTM32F446xx -c -I../Core/Inc -I../Drivers/STM32F4xx_HAL_Driver/Inc -I../Drivers/STM32F4xx_HAL_Driver/Inc/Legacy -I../Drivers/CMSIS/Device/ST/STM32F4xx/Include -I../Drivers/CMSIS/Include -O0 -ffunction-sections -fdata-sections -Wall -fstack-usage -fcyclomatic-complexity -MMD -MP -MF"Core/Src/stm32f4xx_it.d" -MT"Core/Src/stm32f4xx_it.o" --specs=nano.specs -mfpu=fpv4-sp-d16 -mfloat-abi=hard -mthumb -o "Core/Src/stm32f4xx_it.o"
arm-none-eabi-gcc -o "Prueba Hola mundo.elf" @"objects.list"   -mcpu=cortex-m4 -T"C:\Users\Chris Q\Documents\Electronica Digital 2\Laboratorios\Digital-2\Prueba Hola mundo\STM32F446RETX_FLASH.ld" --specs=nosys.specs -Wl,-Map="Prueba Hola mundo.map" -Wl,--gc-sections -static --specs=nano.specs -mfpu=fpv4-sp-d16 -mfloat-abi=hard -mthumb -Wl,--start-group -lc -lm -Wl,--end-group
Finished building target: Prueba Hola mundo.elf
 
arm-none-eabi-size  Prueba\ Hola\ mundo.elf 
arm-none-eabi-objdump -h -S Prueba\ Hola\ mundo.elf  > "Prueba Hola mundo.list"
   text	   data	    bss	    dec	    hex	filename
   9176	     60	   1644	  10880	   2a80	Prueba Hola mundo.elf
Finished building: default.size.stdout
 
Finished building: Prueba Hola mundo.list
 
11:37:13 **** Incremental Build of configuration Debug for project Prueba Hola mundo ****
make -j12 all 
arm-none-eabi-size  Prueba\ Hola\ mundo.elf 
   text	   data	    bss	    dec	    hex	filename
   9176	     60	   1644	  10880	   2a80	Prueba Hola mundo.elf
Finished building: default.size.stdout
 
11:53:11 **** Incremental Build of configuration Debug for project Prueba Hola mundo ****
make -j12 all 
arm-none-eabi-gcc "../Core/Src/stm32f4xx_it.c" -mcpu=cortex-m4 -std=gnu11 -g3 -DDEBUG -DUSE_HAL_DRIVER -DSTM32F446xx -c -I../Core/Inc -I../Drivers/STM32F4xx_HAL_Driver/Inc -I../Drivers/STM32F4xx_HAL_Driver/Inc/Legacy -I../Drivers/CMSIS/Device/ST/STM32F4xx/Include -I../Drivers/CMSIS/Include -O0 -ffunction-sections -fdata-sections -Wall -fstack-usage -fcyclomatic-complexity -MMD -MP -MF"Core/Src/stm32f4xx_it.d" -MT"Core/Src/stm32f4xx_it.o" --specs=nano.specs -mfpu=fpv4-sp-d16 -mfloat-abi=hard -mthumb -o "Core/Src/stm32f4xx_it.o"
arm-none-eabi-gcc -o "Prueba Hola mundo.elf" @"objects.list"   -mcpu=cortex-m4 -T"C:\Users\Chris Q\Documents\Electronica Digital 2\Laboratorios\Digital-2\Prueba Hola mundo\STM32F446RETX_FLASH.ld" --specs=nosys.specs -Wl,-Map="Prueba Hola mundo.map" -Wl,--gc-sections -static --specs=nano.specs -mfpu=fpv4-sp-d16 -mfloat-abi=hard -mthumb -Wl,--start-group -lc -lm -Wl,--end-group
Finished building target: Prueba Hola mundo.elf
 
arm-none-eabi-size  Prueba\ Hola\ mundo.elf 
arm-none-eabi-objdump -h -S Prueba\ Hola\ mundo.elf  > "Prueba Hola mundo.list"
   text	   data	    bss	    dec	    hex	filename
   9664	     60	   1652	  11376	   2c70	Prueba Hola mundo.elf
Finished building: default.size.stdout
 
Finished building: Prueba Hola mundo.list
 
13:51:01 **** Incremental Build of configuration Debug for project Prueba Hola mundo ****
make -j12 all 
arm-none-eabi-gcc "../Core/Src/main.c" -mcpu=cortex-m4 -std=gnu11 -g3 -DDEBUG -DUSE_HAL_DRIVER -DSTM32F446xx -c -I../Core/Inc -I../Drivers/STM32F4xx_HAL_Driver/Inc -I../Drivers/STM32F4xx_HAL_Driver/Inc/Legacy -I../Drivers/CMSIS/Device/ST/STM32F4xx/Include -I../Drivers/CMSIS/Include -O0 -ffunction-sections -fdata-sections -Wall -fstack-usage -fcyclomatic-complexity -MMD -MP -MF"Core/Src/main.d" -MT"Core/Src/main.o" --specs=nano.specs -mfpu=fpv4-sp-d16 -mfloat-abi=hard -mthumb -o "Core/Src/main.o"
arm-none-eabi-gcc "../Core/Src/stm32f4xx_hal_msp.c" -mcpu=cortex-m4 -std=gnu11 -g3 -DDEBUG -DUSE_HAL_DRIVER -DSTM32F446xx -c -I../Core/Inc -I../Drivers/STM32F4xx_HAL_Driver/Inc -I../Drivers/STM32F4xx_HAL_Driver/Inc/Legacy -I../Drivers/CMSIS/Device/ST/STM32F4xx/Include -I../Drivers/CMSIS/Include -O0 -ffunction-sections -fdata-sections -Wall -fstack-usage -fcyclomatic-complexity -MMD -MP -MF"Core/Src/stm32f4xx_hal_msp.d" -MT"Core/Src/stm32f4xx_hal_msp.o" --specs=nano.specs -mfpu=fpv4-sp-d16 -mfloat-abi=hard -mthumb -o "Core/Src/stm32f4xx_hal_msp.o"
arm-none-eabi-gcc "../Core/Src/stm32f4xx_it.c" -mcpu=cortex-m4 -std=gnu11 -g3 -DDEBUG -DUSE_HAL_DRIVER -DSTM32F446xx -c -I../Core/Inc -I../Drivers/STM32F4xx_HAL_Driver/Inc -I../Drivers/STM32F4xx_HAL_Driver/Inc/Legacy -I../Drivers/CMSIS/Device/ST/STM32F4xx/Include -I../Drivers/CMSIS/Include -O0 -ffunction-sections -fdata-sections -Wall -fstack-usage -fcyclomatic-complexity -MMD -MP -MF"Core/Src/stm32f4xx_it.d" -MT"Core/Src/stm32f4xx_it.o" --specs=nano.specs -mfpu=fpv4-sp-d16 -mfloat-abi=hard -mthumb -o "Core/Src/stm32f4xx_it.o"
arm-none-eabi-gcc -o "Prueba Hola mundo.elf" @"objects.list"   -mcpu=cortex-m4 -T"C:\Users\Chris Q\Documents\Electronica Digital 2\Laboratorios\Digital-2\Prueba Hola mundo\STM32F446RETX_FLASH.ld" --specs=nosys.specs -Wl,-Map="Prueba Hola mundo.map" -Wl,--gc-sections -static --specs=nano.specs -mfpu=fpv4-sp-d16 -mfloat-abi=hard -mthumb -Wl,--start-group -lc -lm -Wl,--end-group
Finished building target: Prueba Hola mundo.elf
 
arm-none-eabi-size  Prueba\ Hola\ mundo.elf 
arm-none-eabi-objdump -h -S Prueba\ Hola\ mundo.elf  > "Prueba Hola mundo.list"
   text	   data	    bss	    dec	    hex	filename
   9824	    108	   1652	  11584	   2d40	Prueba Hola mundo.elf
Finished building: default.size.stdout
 
Finished building: Prueba Hola mundo.list
 
14:12:20 **** Incremental Build of configuration Debug for project Prueba Hola mundo ****
make -j12 all 
arm-none-eabi-gcc "../Core/Src/main.c" -mcpu=cortex-m4 -std=gnu11 -g3 -DDEBUG -DUSE_HAL_DRIVER -DSTM32F446xx -c -I../Core/Inc -I../Drivers/STM32F4xx_HAL_Driver/Inc -I../Drivers/STM32F4xx_HAL_Driver/Inc/Legacy -I../Drivers/CMSIS/Device/ST/STM32F4xx/Include -I../Drivers/CMSIS/Include -O0 -ffunction-sections -fdata-sections -Wall -fstack-usage -fcyclomatic-complexity -MMD -MP -MF"Core/Src/main.d" -MT"Core/Src/main.o" --specs=nano.specs -mfpu=fpv4-sp-d16 -mfloat-abi=hard -mthumb -o "Core/Src/main.o"
arm-none-eabi-gcc -o "Prueba Hola mundo.elf" @"objects.list"   -mcpu=cortex-m4 -T"C:\Users\Chris Q\Documents\Electronica Digital 2\Laboratorios\Digital-2\Prueba Hola mundo\STM32F446RETX_FLASH.ld" --specs=nosys.specs -Wl,-Map="Prueba Hola mundo.map" -Wl,--gc-sections -static --specs=nano.specs -mfpu=fpv4-sp-d16 -mfloat-abi=hard -mthumb -Wl,--start-group -lc -lm -Wl,--end-group
Finished building target: Prueba Hola mundo.elf
 
arm-none-eabi-size  Prueba\ Hola\ mundo.elf 
arm-none-eabi-objdump -h -S Prueba\ Hola\ mundo.elf  > "Prueba Hola mundo.list"
   text	   data	    bss	    dec	    hex	filename
   9920	    108	   1660	  11688	   2da8	Prueba Hola mundo.elf
Finished building: default.size.stdout
 
Finished building: Prueba Hola mundo.list
 
14:18:49 **** Incremental Build of configuration Debug for project Prueba Hola mundo ****
make -j12 all 
arm-none-eabi-size  Prueba\ Hola\ mundo.elf 
   text	   data	    bss	    dec	    hex	filename
   9920	    108	   1660	  11688	   2da8	Prueba Hola mundo.elf
Finished building: default.size.stdout
 
18:13:12 **** Incremental Build of configuration Debug for project Prueba Hola mundo ****
make -j12 all 
arm-none-eabi-size  Prueba\ Hola\ mundo.elf 
   text	   data	    bss	    dec	    hex	filename
   9920	    108	   1660	  11688	   2da8	Prueba Hola mundo.elf
Finished building: default.size.stdout
 
23:52:47 **** Incremental Build of configuration Debug for project Prueba Hola mundo ****
make -j12 all 
arm-none-eabi-size  Prueba\ Hola\ mundo.elf 
   text	   data	    bss	    dec	    hex	filename
   9920	    108	   1660	  11688	   2da8	Prueba Hola mundo.elf
Finished building: default.size.stdout
 
12:56:11 **** Build of configuration Debug for project Lab 6 Digital 2 ****
make -j12 all 
arm-none-eabi-gcc "../Drivers/STM32F4xx_HAL_Driver/Src/stm32f4xx_hal.c" -mcpu=cortex-m4 -std=gnu11 -g3 -DDEBUG -DUSE_HAL_DRIVER -DSTM32F446xx -c -I../Core/Inc -I../Drivers/STM32F4xx_HAL_Driver/Inc -I../Drivers/STM32F4xx_HAL_Driver/Inc/Legacy -I../Drivers/CMSIS/Device/ST/STM32F4xx/Include -I../Drivers/CMSIS/Include -O0 -ffunction-sections -fdata-sections -Wall -fstack-usage -fcyclomatic-complexity -MMD -MP -MF"Drivers/STM32F4xx_HAL_Driver/Src/stm32f4xx_hal.d" -MT"Drivers/STM32F4xx_HAL_Driver/Src/stm32f4xx_hal.o" --specs=nano.specs -mfpu=fpv4-sp-d16 -mfloat-abi=hard -mthumb -o "Drivers/STM32F4xx_HAL_Driver/Src/stm32f4xx_hal.o"
arm-none-eabi-gcc "../Drivers/STM32F4xx_HAL_Driver/Src/stm32f4xx_hal_cortex.c" -mcpu=cortex-m4 -std=gnu11 -g3 -DDEBUG -DUSE_HAL_DRIVER -DSTM32F446xx -c -I../Core/Inc -I../Drivers/STM32F4xx_HAL_Driver/Inc -I../Drivers/STM32F4xx_HAL_Driver/Inc/Legacy -I../Drivers/CMSIS/Device/ST/STM32F4xx/Include -I../Drivers/CMSIS/Include -O0 -ffunction-sections -fdata-sections -Wall -fstack-usage -fcyclomatic-complexity -MMD -MP -MF"Drivers/STM32F4xx_HAL_Driver/Src/stm32f4xx_hal_cortex.d" -MT"Drivers/STM32F4xx_HAL_Driver/Src/stm32f4xx_hal_cortex.o" --specs=nano.specs -mfpu=fpv4-sp-d16 -mfloat-abi=hard -mthumb -o "Drivers/STM32F4xx_HAL_Driver/Src/stm32f4xx_hal_cortex.o"
arm-none-eabi-gcc "../Drivers/STM32F4xx_HAL_Driver/Src/stm32f4xx_hal_dma.c" -mcpu=cortex-m4 -std=gnu11 -g3 -DDEBUG -DUSE_HAL_DRIVER -DSTM32F446xx -c -I../Core/Inc -I../Drivers/STM32F4xx_HAL_Driver/Inc -I../Drivers/STM32F4xx_HAL_Driver/Inc/Legacy -I../Drivers/CMSIS/Device/ST/STM32F4xx/Include -I../Drivers/CMSIS/Include -O0 -ffunction-sections -fdata-sections -Wall -fstack-usage -fcyclomatic-complexity -MMD -MP -MF"Drivers/STM32F4xx_HAL_Driver/Src/stm32f4xx_hal_dma.d" -MT"Drivers/STM32F4xx_HAL_Driver/Src/stm32f4xx_hal_dma.o" --specs=nano.specs -mfpu=fpv4-sp-d16 -mfloat-abi=hard -mthumb -o "Drivers/STM32F4xx_HAL_Driver/Src/stm32f4xx_hal_dma.o"
arm-none-eabi-gcc "../Drivers/STM32F4xx_HAL_Driver/Src/stm32f4xx_hal_dma_ex.c" -mcpu=cortex-m4 -std=gnu11 -g3 -DDEBUG -DUSE_HAL_DRIVER -DSTM32F446xx -c -I../Core/Inc -I../Drivers/STM32F4xx_HAL_Driver/Inc -I../Drivers/STM32F4xx_HAL_Driver/Inc/Legacy -I../Drivers/CMSIS/Device/ST/STM32F4xx/Include -I../Drivers/CMSIS/Include -O0 -ffunction-sections -fdata-sections -Wall -fstack-usage -fcyclomatic-complexity -MMD -MP -MF"Drivers/STM32F4xx_HAL_Driver/Src/stm32f4xx_hal_dma_ex.d" -MT"Drivers/STM32F4xx_HAL_Driver/Src/stm32f4xx_hal_dma_ex.o" --specs=nano.specs -mfpu=fpv4-sp-d16 -mfloat-abi=hard -mthumb -o "Drivers/STM32F4xx_HAL_Driver/Src/stm32f4xx_hal_dma_ex.o"
arm-none-eabi-gcc "../Drivers/STM32F4xx_HAL_Driver/Src/stm32f4xx_hal_exti.c" -mcpu=cortex-m4 -std=gnu11 -g3 -DDEBUG -DUSE_HAL_DRIVER -DSTM32F446xx -c -I../Core/Inc -I../Drivers/STM32F4xx_HAL_Driver/Inc -I../Drivers/STM32F4xx_HAL_Driver/Inc/Legacy -I../Drivers/CMSIS/Device/ST/STM32F4xx/Include -I../Drivers/CMSIS/Include -O0 -ffunction-sections -fdata-sections -Wall -fstack-usage -fcyclomatic-complexity -MMD -MP -MF"Drivers/STM32F4xx_HAL_Driver/Src/stm32f4xx_hal_exti.d" -MT"Drivers/STM32F4xx_HAL_Driver/Src/stm32f4xx_hal_exti.o" --specs=nano.specs -mfpu=fpv4-sp-d16 -mfloat-abi=hard -mthumb -o "Drivers/STM32F4xx_HAL_Driver/Src/stm32f4xx_hal_exti.o"
arm-none-eabi-gcc "../Drivers/STM32F4xx_HAL_Driver/Src/stm32f4xx_hal_flash.c" -mcpu=cortex-m4 -std=gnu11 -g3 -DDEBUG -DUSE_HAL_DRIVER -DSTM32F446xx -c -I../Core/Inc -I../Drivers/STM32F4xx_HAL_Driver/Inc -I../Drivers/STM32F4xx_HAL_Driver/Inc/Legacy -I../Drivers/CMSIS/Device/ST/STM32F4xx/Include -I../Drivers/CMSIS/Include -O0 -ffunction-sections -fdata-sections -Wall -fstack-usage -fcyclomatic-complexity -MMD -MP -MF"Drivers/STM32F4xx_HAL_Driver/Src/stm32f4xx_hal_flash.d" -MT"Drivers/STM32F4xx_HAL_Driver/Src/stm32f4xx_hal_flash.o" --specs=nano.specs -mfpu=fpv4-sp-d16 -mfloat-abi=hard -mthumb -o "Drivers/STM32F4xx_HAL_Driver/Src/stm32f4xx_hal_flash.o"
arm-none-eabi-gcc "../Drivers/STM32F4xx_HAL_Driver/Src/stm32f4xx_hal_flash_ex.c" -mcpu=cortex-m4 -std=gnu11 -g3 -DDEBUG -DUSE_HAL_DRIVER -DSTM32F446xx -c -I../Core/Inc -I../Drivers/STM32F4xx_HAL_Driver/Inc -I../Drivers/STM32F4xx_HAL_Driver/Inc/Legacy -I../Drivers/CMSIS/Device/ST/STM32F4xx/Include -I../Drivers/CMSIS/Include -O0 -ffunction-sections -fdata-sections -Wall -fstack-usage -fcyclomatic-complexity -MMD -MP -MF"Drivers/STM32F4xx_HAL_Driver/Src/stm32f4xx_hal_flash_ex.d" -MT"Drivers/STM32F4xx_HAL_Driver/Src/stm32f4xx_hal_flash_ex.o" --specs=nano.specs -mfpu=fpv4-sp-d16 -mfloat-abi=hard -mthumb -o "Drivers/STM32F4xx_HAL_Driver/Src/stm32f4xx_hal_flash_ex.o"
arm-none-eabi-gcc "../Drivers/STM32F4xx_HAL_Driver/Src/stm32f4xx_hal_flash_ramfunc.c" -mcpu=cortex-m4 -std=gnu11 -g3 -DDEBUG -DUSE_HAL_DRIVER -DSTM32F446xx -c -I../Core/Inc -I../Drivers/STM32F4xx_HAL_Driver/Inc -I../Drivers/STM32F4xx_HAL_Driver/Inc/Legacy -I../Drivers/CMSIS/Device/ST/STM32F4xx/Include -I../Drivers/CMSIS/Include -O0 -ffunction-sections -fdata-sections -Wall -fstack-usage -fcyclomatic-complexity -MMD -MP -MF"Drivers/STM32F4xx_HAL_Driver/Src/stm32f4xx_hal_flash_ramfunc.d" -MT"Drivers/STM32F4xx_HAL_Driver/Src/stm32f4xx_hal_flash_ramfunc.o" --specs=nano.specs -mfpu=fpv4-sp-d16 -mfloat-abi=hard -mthumb -o "Drivers/STM32F4xx_HAL_Driver/Src/stm32f4xx_hal_flash_ramfunc.o"
arm-none-eabi-gcc "../Drivers/STM32F4xx_HAL_Driver/Src/stm32f4xx_hal_gpio.c" -mcpu=cortex-m4 -std=gnu11 -g3 -DDEBUG -DUSE_HAL_DRIVER -DSTM32F446xx -c -I../Core/Inc -I../Drivers/STM32F4xx_HAL_Driver/Inc -I../Drivers/STM32F4xx_HAL_Driver/Inc/Legacy -I../Drivers/CMSIS/Device/ST/STM32F4xx/Include -I../Drivers/CMSIS/Include -O0 -ffunction-sections -fdata-sections -Wall -fstack-usage -fcyclomatic-complexity -MMD -MP -MF"Drivers/STM32F4xx_HAL_Driver/Src/stm32f4xx_hal_gpio.d" -MT"Drivers/STM32F4xx_HAL_Driver/Src/stm32f4xx_hal_gpio.o" --specs=nano.specs -mfpu=fpv4-sp-d16 -mfloat-abi=hard -mthumb -o "Drivers/STM32F4xx_HAL_Driver/Src/stm32f4xx_hal_gpio.o"
arm-none-eabi-gcc "../Drivers/STM32F4xx_HAL_Driver/Src/stm32f4xx_hal_pwr.c" -mcpu=cortex-m4 -std=gnu11 -g3 -DDEBUG -DUSE_HAL_DRIVER -DSTM32F446xx -c -I../Core/Inc -I../Drivers/STM32F4xx_HAL_Driver/Inc -I../Drivers/STM32F4xx_HAL_Driver/Inc/Legacy -I../Drivers/CMSIS/Device/ST/STM32F4xx/Include -I../Drivers/CMSIS/Include -O0 -ffunction-sections -fdata-sections -Wall -fstack-usage -fcyclomatic-complexity -MMD -MP -MF"Drivers/STM32F4xx_HAL_Driver/Src/stm32f4xx_hal_pwr.d" -MT"Drivers/STM32F4xx_HAL_Driver/Src/stm32f4xx_hal_pwr.o" --specs=nano.specs -mfpu=fpv4-sp-d16 -mfloat-abi=hard -mthumb -o "Drivers/STM32F4xx_HAL_Driver/Src/stm32f4xx_hal_pwr.o"
arm-none-eabi-gcc "../Drivers/STM32F4xx_HAL_Driver/Src/stm32f4xx_hal_pwr_ex.c" -mcpu=cortex-m4 -std=gnu11 -g3 -DDEBUG -DUSE_HAL_DRIVER -DSTM32F446xx -c -I../Core/Inc -I../Drivers/STM32F4xx_HAL_Driver/Inc -I../Drivers/STM32F4xx_HAL_Driver/Inc/Legacy -I../Drivers/CMSIS/Device/ST/STM32F4xx/Include -I../Drivers/CMSIS/Include -O0 -ffunction-sections -fdata-sections -Wall -fstack-usage -fcyclomatic-complexity -MMD -MP -MF"Drivers/STM32F4xx_HAL_Driver/Src/stm32f4xx_hal_pwr_ex.d" -MT"Drivers/STM32F4xx_HAL_Driver/Src/stm32f4xx_hal_pwr_ex.o" --specs=nano.specs -mfpu=fpv4-sp-d16 -mfloat-abi=hard -mthumb -o "Drivers/STM32F4xx_HAL_Driver/Src/stm32f4xx_hal_pwr_ex.o"
arm-none-eabi-gcc "../Drivers/STM32F4xx_HAL_Driver/Src/stm32f4xx_hal_rcc.c" -mcpu=cortex-m4 -std=gnu11 -g3 -DDEBUG -DUSE_HAL_DRIVER -DSTM32F446xx -c -I../Core/Inc -I../Drivers/STM32F4xx_HAL_Driver/Inc -I../Drivers/STM32F4xx_HAL_Driver/Inc/Legacy -I../Drivers/CMSIS/Device/ST/STM32F4xx/Include -I../Drivers/CMSIS/Include -O0 -ffunction-sections -fdata-sections -Wall -fstack-usage -fcyclomatic-complexity -MMD -MP -MF"Drivers/STM32F4xx_HAL_Driver/Src/stm32f4xx_hal_rcc.d" -MT"Drivers/STM32F4xx_HAL_Driver/Src/stm32f4xx_hal_rcc.o" --specs=nano.specs -mfpu=fpv4-sp-d16 -mfloat-abi=hard -mthumb -o "Drivers/STM32F4xx_HAL_Driver/Src/stm32f4xx_hal_rcc.o"
arm-none-eabi-gcc "../Drivers/STM32F4xx_HAL_Driver/Src/stm32f4xx_hal_rcc_ex.c" -mcpu=cortex-m4 -std=gnu11 -g3 -DDEBUG -DUSE_HAL_DRIVER -DSTM32F446xx -c -I../Core/Inc -I../Drivers/STM32F4xx_HAL_Driver/Inc -I../Drivers/STM32F4xx_HAL_Driver/Inc/Legacy -I../Drivers/CMSIS/Device/ST/STM32F4xx/Include -I../Drivers/CMSIS/Include -O0 -ffunction-sections -fdata-sections -Wall -fstack-usage -fcyclomatic-complexity -MMD -MP -MF"Drivers/STM32F4xx_HAL_Driver/Src/stm32f4xx_hal_rcc_ex.d" -MT"Drivers/STM32F4xx_HAL_Driver/Src/stm32f4xx_hal_rcc_ex.o" --specs=nano.specs -mfpu=fpv4-sp-d16 -mfloat-abi=hard -mthumb -o "Drivers/STM32F4xx_HAL_Driver/Src/stm32f4xx_hal_rcc_ex.o"
arm-none-eabi-gcc "../Drivers/STM32F4xx_HAL_Driver/Src/stm32f4xx_hal_uart.c" -mcpu=cortex-m4 -std=gnu11 -g3 -DDEBUG -DUSE_HAL_DRIVER -DSTM32F446xx -c -I../Core/Inc -I../Drivers/STM32F4xx_HAL_Driver/Inc -I../Drivers/STM32F4xx_HAL_Driver/Inc/Legacy -I../Drivers/CMSIS/Device/ST/STM32F4xx/Include -I../Drivers/CMSIS/Include -O0 -ffunction-sections -fdata-sections -Wall -fstack-usage -fcyclomatic-complexity -MMD -MP -MF"Drivers/STM32F4xx_HAL_Driver/Src/stm32f4xx_hal_uart.d" -MT"Drivers/STM32F4xx_HAL_Driver/Src/stm32f4xx_hal_uart.o" --specs=nano.specs -mfpu=fpv4-sp-d16 -mfloat-abi=hard -mthumb -o "Drivers/STM32F4xx_HAL_Driver/Src/stm32f4xx_hal_uart.o"
arm-none-eabi-gcc -mcpu=cortex-m4 -g3 -DDEBUG -c -x assembler-with-cpp -MMD -MP -MF"Core/Startup/startup_stm32f446retx.d" -MT"Core/Startup/startup_stm32f446retx.o" --specs=nano.specs -mfpu=fpv4-sp-d16 -mfloat-abi=hard -mthumb -o "Core/Startup/startup_stm32f446retx.o" "../Core/Startup/startup_stm32f446retx.s"
arm-none-eabi-gcc "../Core/Src/main.c" -mcpu=cortex-m4 -std=gnu11 -g3 -DDEBUG -DUSE_HAL_DRIVER -DSTM32F446xx -c -I../Core/Inc -I../Drivers/STM32F4xx_HAL_Driver/Inc -I../Drivers/STM32F4xx_HAL_Driver/Inc/Legacy -I../Drivers/CMSIS/Device/ST/STM32F4xx/Include -I../Drivers/CMSIS/Include -O0 -ffunction-sections -fdata-sections -Wall -fstack-usage -fcyclomatic-complexity -MMD -MP -MF"Core/Src/main.d" -MT"Core/Src/main.o" --specs=nano.specs -mfpu=fpv4-sp-d16 -mfloat-abi=hard -mthumb -o "Core/Src/main.o"
arm-none-eabi-gcc "../Core/Src/stm32f4xx_hal_msp.c" -mcpu=cortex-m4 -std=gnu11 -g3 -DDEBUG -DUSE_HAL_DRIVER -DSTM32F446xx -c -I../Core/Inc -I../Drivers/STM32F4xx_HAL_Driver/Inc -I../Drivers/STM32F4xx_HAL_Driver/Inc/Legacy -I../Drivers/CMSIS/Device/ST/STM32F4xx/Include -I../Drivers/CMSIS/Include -O0 -ffunction-sections -fdata-sections -Wall -fstack-usage -fcyclomatic-complexity -MMD -MP -MF"Core/Src/stm32f4xx_hal_msp.d" -MT"Core/Src/stm32f4xx_hal_msp.o" --specs=nano.specs -mfpu=fpv4-sp-d16 -mfloat-abi=hard -mthumb -o "Core/Src/stm32f4xx_hal_msp.o"
arm-none-eabi-gcc "../Core/Src/stm32f4xx_it.c" -mcpu=cortex-m4 -std=gnu11 -g3 -DDEBUG -DUSE_HAL_DRIVER -DSTM32F446xx -c -I../Core/Inc -I../Drivers/STM32F4xx_HAL_Driver/Inc -I../Drivers/STM32F4xx_HAL_Driver/Inc/Legacy -I../Drivers/CMSIS/Device/ST/STM32F4xx/Include -I../Drivers/CMSIS/Include -O0 -ffunction-sections -fdata-sections -Wall -fstack-usage -fcyclomatic-complexity -MMD -MP -MF"Core/Src/stm32f4xx_it.d" -MT"Core/Src/stm32f4xx_it.o" --specs=nano.specs -mfpu=fpv4-sp-d16 -mfloat-abi=hard -mthumb -o "Core/Src/stm32f4xx_it.o"
arm-none-eabi-gcc "../Core/Src/syscalls.c" -mcpu=cortex-m4 -std=gnu11 -g3 -DDEBUG -DUSE_HAL_DRIVER -DSTM32F446xx -c -I../Core/Inc -I../Drivers/STM32F4xx_HAL_Driver/Inc -I../Drivers/STM32F4xx_HAL_Driver/Inc/Legacy -I../Drivers/CMSIS/Device/ST/STM32F4xx/Include -I../Drivers/CMSIS/Include -O0 -ffunction-sections -fdata-sections -Wall -fstack-usage -fcyclomatic-complexity -MMD -MP -MF"Core/Src/syscalls.d" -MT"Core/Src/syscalls.o" --specs=nano.specs -mfpu=fpv4-sp-d16 -mfloat-abi=hard -mthumb -o "Core/Src/syscalls.o"
arm-none-eabi-gcc "../Core/Src/sysmem.c" -mcpu=cortex-m4 -std=gnu11 -g3 -DDEBUG -DUSE_HAL_DRIVER -DSTM32F446xx -c -I../Core/Inc -I../Drivers/STM32F4xx_HAL_Driver/Inc -I../Drivers/STM32F4xx_HAL_Driver/Inc/Legacy -I../Drivers/CMSIS/Device/ST/STM32F4xx/Include -I../Drivers/CMSIS/Include -O0 -ffunction-sections -fdata-sections -Wall -fstack-usage -fcyclomatic-complexity -MMD -MP -MF"Core/Src/sysmem.d" -MT"Core/Src/sysmem.o" --specs=nano.specs -mfpu=fpv4-sp-d16 -mfloat-abi=hard -mthumb -o "Core/Src/sysmem.o"
arm-none-eabi-gcc "../Core/Src/system_stm32f4xx.c" -mcpu=cortex-m4 -std=gnu11 -g3 -DDEBUG -DUSE_HAL_DRIVER -DSTM32F446xx -c -I../Core/Inc -I../Drivers/STM32F4xx_HAL_Driver/Inc -I../Drivers/STM32F4xx_HAL_Driver/Inc/Legacy -I../Drivers/CMSIS/Device/ST/STM32F4xx/Include -I../Drivers/CMSIS/Include -O0 -ffunction-sections -fdata-sections -Wall -fstack-usage -fcyclomatic-complexity -MMD -MP -MF"Core/Src/system_stm32f4xx.d" -MT"Core/Src/system_stm32f4xx.o" --specs=nano.specs -mfpu=fpv4-sp-d16 -mfloat-abi=hard -mthumb -o "Core/Src/system_stm32f4xx.o"
../Core/Src/main.c: In function 'HAL_UART_RxCpltCallback':
../Core/Src/main.c:301:30: warning: pointer targets in passing argument 2 of 'HAL_UART_Transmit' differ in signedness [-Wpointer-sign]
  301 |   HAL_UART_Transmit(&huart2, "Btn: ", sizeof("Btn: "), 250);
      |                              ^~~~~~~
      |                              |
      |                              char *
In file included from ../Core/Inc/stm32f4xx_hal_conf.h:411,
                 from ../Drivers/STM32F4xx_HAL_Driver/Inc/stm32f4xx_hal.h:29,
                 from ../Core/Inc/main.h:30,
                 from ../Core/Src/main.c:20:
../Drivers/STM32F4xx_HAL_Driver/Inc/stm32f4xx_hal_uart.h:745:79: note: expected 'const uint8_t *' {aka 'const unsigned char *'} but argument is of type 'char *'
  745 | HAL_StatusTypeDef HAL_UART_Transmit(UART_HandleTypeDef *huart, const uint8_t *pData, uint16_t Size, uint32_t Timeout);
      |                                                                ~~~~~~~~~~~~~~~^~~~~
arm-none-eabi-gcc -o "Lab 6 Digital 2.elf" @"objects.list"   -mcpu=cortex-m4 -T"C:\Users\Chris Q\Documents\Electronica Digital 2\Laboratorios\Digital-2\Lab 6 Digital 2\STM32F446RETX_FLASH.ld" --specs=nosys.specs -Wl,-Map="Lab 6 Digital 2.map" -Wl,--gc-sections -static --specs=nano.specs -mfpu=fpv4-sp-d16 -mfloat-abi=hard -mthumb -Wl,--start-group -lc -lm -Wl,--end-group
C:/ST/STM32CubeIDE_1.19.0/STM32CubeIDE/plugins/com.st.stm32cube.ide.mcu.externaltools.gnu-tools-for-stm32.13.3.rel1.win32_1.0.0.202411081344/tools/bin/../lib/gcc/arm-none-eabi/13.3.1/../../../../arm-none-eabi/bin/ld.exe: ./Core/Src/stm32f4xx_it.o: in function `DMA2_Stream0_IRQHandler':
C:/Users/Chris Q/Documents/Electronica Digital 2/Laboratorios/Digital-2/Lab 6 Digital 2/Debug/../Core/Src/stm32f4xx_it.c:275:(.text.DMA2_Stream0_IRQHandler+0x10): undefined reference to `hdma_adc1'
collect2.exe: error: ld returned 1 exit status
make: *** [makefile:64: Lab 6 Digital 2.elf] Error 1
"make -j12 all" terminated with exit code 2. Build might be incomplete.
08:06:50 **** Build of configuration Debug for project Lab 6 Digital 2 ****
make -j12 all 
arm-none-eabi-gcc -o "Lab 6 Digital 2.elf" @"objects.list"   -mcpu=cortex-m4 -T"C:\Users\Chris Q\Documents\Electronica Digital 2\Laboratorios\Digital-2\Lab 6 Digital 2\STM32F446RETX_FLASH.ld" --specs=nosys.specs -Wl,-Map="Lab 6 Digital 2.map" -Wl,--gc-sections -static --specs=nano.specs -mfpu=fpv4-sp-d16 -mfloat-abi=hard -mthumb -Wl,--start-group -lc -lm -Wl,--end-group
C:/ST/STM32CubeIDE_1.19.0/STM32CubeIDE/plugins/com.st.stm32cube.ide.mcu.externaltools.gnu-tools-for-stm32.13.3.rel1.win32_1.0.0.202411081344/tools/bin/../lib/gcc/arm-none-eabi/13.3.1/../../../../arm-none-eabi/bin/ld.exe: ./Core/Src/stm32f4xx_it.o: in function `DMA2_Stream0_IRQHandler':
C:/Users/Chris Q/Documents/Electronica Digital 2/Laboratorios/Digital-2/Lab 6 Digital 2/Debug/../Core/Src/stm32f4xx_it.c:275:(.text.DMA2_Stream0_IRQHandler+0x10): undefined reference to `hdma_adc1'
collect2.exe: error: ld returned 1 exit status
make: *** [makefile:64: Lab 6 Digital 2.elf] Error 1
"make -j12 all" terminated with exit code 2. Build might be incomplete.
08:08:17 **** Incremental Build of configuration Debug for project Lab 6 Digital 2 ****
make -j12 all 
arm-none-eabi-gcc -o "Lab 6 Digital 2.elf" @"objects.list"   -mcpu=cortex-m4 -T"C:\Users\Chris Q\Documents\Electronica Digital 2\Laboratorios\Digital-2\Lab 6 Digital 2\STM32F446RETX_FLASH.ld" --specs=nosys.specs -Wl,-Map="Lab 6 Digital 2.map" -Wl,--gc-sections -static --specs=nano.specs -mfpu=fpv4-sp-d16 -mfloat-abi=hard -mthumb -Wl,--start-group -lc -lm -Wl,--end-group
C:/ST/STM32CubeIDE_1.19.0/STM32CubeIDE/plugins/com.st.stm32cube.ide.mcu.externaltools.gnu-tools-for-stm32.13.3.rel1.win32_1.0.0.202411081344/tools/bin/../lib/gcc/arm-none-eabi/13.3.1/../../../../arm-none-eabi/bin/ld.exe: ./Core/Src/stm32f4xx_it.o: in function `DMA2_Stream0_IRQHandler':
C:/Users/Chris Q/Documents/Electronica Digital 2/Laboratorios/Digital-2/Lab 6 Digital 2/Debug/../Core/Src/stm32f4xx_it.c:275:(.text.DMA2_Stream0_IRQHandler+0x10): undefined reference to `hdma_adc1'
collect2.exe: error: ld returned 1 exit status
make: *** [makefile:64: Lab 6 Digital 2.elf] Error 1
"make -j12 all" terminated with exit code 2. Build might be incomplete.
08:19:57 **** Incremental Build of configuration Debug for project Lab 6 Digital 2 ****
make -j12 all 
arm-none-eabi-gcc "../Core/Src/stm32f4xx_it.c" -mcpu=cortex-m4 -std=gnu11 -g3 -DDEBUG -DUSE_HAL_DRIVER -DSTM32F446xx -c -I../Core/Inc -I../Drivers/STM32F4xx_HAL_Driver/Inc -I../Drivers/STM32F4xx_HAL_Driver/Inc/Legacy -I../Drivers/CMSIS/Device/ST/STM32F4xx/Include -I../Drivers/CMSIS/Include -O0 -ffunction-sections -fdata-sections -Wall -fstack-usage -fcyclomatic-complexity -MMD -MP -MF"Core/Src/stm32f4xx_it.d" -MT"Core/Src/stm32f4xx_it.o" --specs=nano.specs -mfpu=fpv4-sp-d16 -mfloat-abi=hard -mthumb -o "Core/Src/stm32f4xx_it.o"
arm-none-eabi-gcc -o "Lab 6 Digital 2.elf" @"objects.list"   -mcpu=cortex-m4 -T"C:\Users\Chris Q\Documents\Electronica Digital 2\Laboratorios\Digital-2\Lab 6 Digital 2\STM32F446RETX_FLASH.ld" --specs=nosys.specs -Wl,-Map="Lab 6 Digital 2.map" -Wl,--gc-sections -static --specs=nano.specs -mfpu=fpv4-sp-d16 -mfloat-abi=hard -mthumb -Wl,--start-group -lc -lm -Wl,--end-group
Finished building target: Lab 6 Digital 2.elf
 
arm-none-eabi-size  Lab\ 6\ Digital\ 2.elf 
arm-none-eabi-objdump -h -S Lab\ 6\ Digital\ 2.elf  > "Lab 6 Digital 2.list"
   text	   data	    bss	    dec	    hex	filename
  13404	    124	   2100	  15628	   3d0c	Lab 6 Digital 2.elf
Finished building: default.size.stdout
 
Finished building: Lab 6 Digital 2.list
 
08:20:29 **** Incremental Build of configuration Debug for project Lab 6 Digital 2 ****
make -j12 all 
arm-none-eabi-size  Lab\ 6\ Digital\ 2.elf 
   text	   data	    bss	    dec	    hex	filename
  13404	    124	   2100	  15628	   3d0c	Lab 6 Digital 2.elf
Finished building: default.size.stdout
 
08:32:27 **** Incremental Build of configuration Debug for project Lab 6 Digital 2 ****
make -j12 all 
arm-none-eabi-size  Lab\ 6\ Digital\ 2.elf 
   text	   data	    bss	    dec	    hex	filename
  13404	    124	   2100	  15628	   3d0c	Lab 6 Digital 2.elf
Finished building: default.size.stdout
 
08:32:47 **** Incremental Build of configuration Debug for project Lab 6 Digital 2 ****
make -j12 all 
arm-none-eabi-size  Lab\ 6\ Digital\ 2.elf 
   text	   data	    bss	    dec	    hex	filename
  13404	    124	   2100	  15628	   3d0c	Lab 6 Digital 2.elf
Finished building: default.size.stdout
 
08:38:35 **** Incremental Build of configuration Debug for project Lab 6 Digital 2 ****
make -j12 all 
arm-none-eabi-size  Lab\ 6\ Digital\ 2.elf 
   text	   data	    bss	    dec	    hex	filename
  13404	    124	   2100	  15628	   3d0c	Lab 6 Digital 2.elf
Finished building: default.size.stdout
 
11:54:59 **** Incremental Build of configuration Debug for project Lab 6 Digital 2 ****
make -j12 all 
arm-none-eabi-size  Lab\ 6\ Digital\ 2.elf 
   text	   data	    bss	    dec	    hex	filename
  13404	    124	   2100	  15628	   3d0c	Lab 6 Digital 2.elf
Finished building: default.size.stdout
 
11:55:25 **** Incremental Build of configuration Debug for project Lab 6 Digital 2 ****
make -j12 all 
arm-none-eabi-size  Lab\ 6\ Digital\ 2.elf 
   text	   data	    bss	    dec	    hex	filename
  13404	    124	   2100	  15628	   3d0c	Lab 6 Digital 2.elf
Finished building: default.size.stdout
 
12:35:58 **** Incremental Build of configuration Debug for project Lab 6 Digital 2 ****
make -j12 all 
arm-none-eabi-size  Lab\ 6\ Digital\ 2.elf 
   text	   data	    bss	    dec	    hex	filename
  13404	    124	   2100	  15628	   3d0c	Lab 6 Digital 2.elf
Finished building: default.size.stdout
 
12:37:13 **** Incremental Build of configuration Debug for project Lab 6 Digital 2 ****
make -j12 all 
arm-none-eabi-size  Lab\ 6\ Digital\ 2.elf 
   text	   data	    bss	    dec	    hex	filename
  13404	    124	   2100	  15628	   3d0c	Lab 6 Digital 2.elf
Finished building: default.size.stdout
 
12:51:05 **** Incremental Build of configuration Debug for project Lab 6 Digital 2 ****
make -j12 all 
arm-none-eabi-gcc "../Core/Src/main.c" -mcpu=cortex-m4 -std=gnu11 -g3 -DDEBUG -DUSE_HAL_DRIVER -DSTM32F446xx -c -I../Core/Inc -I../Drivers/STM32F4xx_HAL_Driver/Inc -I../Drivers/STM32F4xx_HAL_Driver/Inc/Legacy -I../Drivers/CMSIS/Device/ST/STM32F4xx/Include -I../Drivers/CMSIS/Include -O0 -ffunction-sections -fdata-sections -Wall -fstack-usage -fcyclomatic-complexity -MMD -MP -MF"Core/Src/main.d" -MT"Core/Src/main.o" --specs=nano.specs -mfpu=fpv4-sp-d16 -mfloat-abi=hard -mthumb -o "Core/Src/main.o"
arm-none-eabi-gcc -o "Lab 6 Digital 2.elf" @"objects.list"   -mcpu=cortex-m4 -T"C:\Users\Chris Q\Documents\Electronica Digital 2\Laboratorios\Digital-2\Lab 6 Digital 2\STM32F446RETX_FLASH.ld" --specs=nosys.specs -Wl,-Map="Lab 6 Digital 2.map" -Wl,--gc-sections -static --specs=nano.specs -mfpu=fpv4-sp-d16 -mfloat-abi=hard -mthumb -Wl,--start-group -lc -lm -Wl,--end-group
Finished building target: Lab 6 Digital 2.elf
 
arm-none-eabi-size  Lab\ 6\ Digital\ 2.elf 
arm-none-eabi-objdump -h -S Lab\ 6\ Digital\ 2.elf  > "Lab 6 Digital 2.list"
   text	   data	    bss	    dec	    hex	filename
  13488	    124	   2100	  15712	   3d60	Lab 6 Digital 2.elf
Finished building: default.size.stdout
 
Finished building: Lab 6 Digital 2.list
 
13:27:33 **** Incremental Build of configuration Debug for project Lab 6 Digital 2 ****
make -j12 all 
arm-none-eabi-gcc "../Core/Src/main.c" -mcpu=cortex-m4 -std=gnu11 -g3 -DDEBUG -DUSE_HAL_DRIVER -DSTM32F446xx -c -I../Core/Inc -I../Drivers/STM32F4xx_HAL_Driver/Inc -I../Drivers/STM32F4xx_HAL_Driver/Inc/Legacy -I../Drivers/CMSIS/Device/ST/STM32F4xx/Include -I../Drivers/CMSIS/Include -O0 -ffunction-sections -fdata-sections -Wall -fstack-usage -fcyclomatic-complexity -MMD -MP -MF"Core/Src/main.d" -MT"Core/Src/main.o" --specs=nano.specs -mfpu=fpv4-sp-d16 -mfloat-abi=hard -mthumb -o "Core/Src/main.o"
arm-none-eabi-gcc "../Core/Src/stm32f4xx_hal_msp.c" -mcpu=cortex-m4 -std=gnu11 -g3 -DDEBUG -DUSE_HAL_DRIVER -DSTM32F446xx -c -I../Core/Inc -I../Drivers/STM32F4xx_HAL_Driver/Inc -I../Drivers/STM32F4xx_HAL_Driver/Inc/Legacy -I../Drivers/CMSIS/Device/ST/STM32F4xx/Include -I../Drivers/CMSIS/Include -O0 -ffunction-sections -fdata-sections -Wall -fstack-usage -fcyclomatic-complexity -MMD -MP -MF"Core/Src/stm32f4xx_hal_msp.d" -MT"Core/Src/stm32f4xx_hal_msp.o" --specs=nano.specs -mfpu=fpv4-sp-d16 -mfloat-abi=hard -mthumb -o "Core/Src/stm32f4xx_hal_msp.o"
arm-none-eabi-gcc "../Core/Src/stm32f4xx_it.c" -mcpu=cortex-m4 -std=gnu11 -g3 -DDEBUG -DUSE_HAL_DRIVER -DSTM32F446xx -c -I../Core/Inc -I../Drivers/STM32F4xx_HAL_Driver/Inc -I../Drivers/STM32F4xx_HAL_Driver/Inc/Legacy -I../Drivers/CMSIS/Device/ST/STM32F4xx/Include -I../Drivers/CMSIS/Include -O0 -ffunction-sections -fdata-sections -Wall -fstack-usage -fcyclomatic-complexity -MMD -MP -MF"Core/Src/stm32f4xx_it.d" -MT"Core/Src/stm32f4xx_it.o" --specs=nano.specs -mfpu=fpv4-sp-d16 -mfloat-abi=hard -mthumb -o "Core/Src/stm32f4xx_it.o"
arm-none-eabi-gcc -o "Lab 6 Digital 2.elf" @"objects.list"   -mcpu=cortex-m4 -T"C:\Users\Chris Q\Documents\Electronica Digital 2\Laboratorios\Digital-2\Lab 6 Digital 2\STM32F446RETX_FLASH.ld" --specs=nosys.specs -Wl,-Map="Lab 6 Digital 2.map" -Wl,--gc-sections -static --specs=nano.specs -mfpu=fpv4-sp-d16 -mfloat-abi=hard -mthumb -Wl,--start-group -lc -lm -Wl,--end-group
Finished building target: Lab 6 Digital 2.elf
 
arm-none-eabi-size  Lab\ 6\ Digital\ 2.elf 
arm-none-eabi-objdump -h -S Lab\ 6\ Digital\ 2.elf  > "Lab 6 Digital 2.list"
   text	   data	    bss	    dec	    hex	filename
  12576	    124	   1716	  14416	   3850	Lab 6 Digital 2.elf
Finished building: default.size.stdout
 
Finished building: Lab 6 Digital 2.list
 
13:46:05 **** Incremental Build of configuration Debug for project Lab 6 Digital 2 ****
make -j12 all 
arm-none-eabi-gcc "../Core/Src/main.c" -mcpu=cortex-m4 -std=gnu11 -g3 -DDEBUG -DUSE_HAL_DRIVER -DSTM32F446xx -c -I../Core/Inc -I../Drivers/STM32F4xx_HAL_Driver/Inc -I../Drivers/STM32F4xx_HAL_Driver/Inc/Legacy -I../Drivers/CMSIS/Device/ST/STM32F4xx/Include -I../Drivers/CMSIS/Include -O0 -ffunction-sections -fdata-sections -Wall -fstack-usage -fcyclomatic-complexity -MMD -MP -MF"Core/Src/main.d" -MT"Core/Src/main.o" --specs=nano.specs -mfpu=fpv4-sp-d16 -mfloat-abi=hard -mthumb -o "Core/Src/main.o"
arm-none-eabi-gcc -o "Lab 6 Digital 2.elf" @"objects.list"   -mcpu=cortex-m4 -T"C:\Users\Chris Q\Documents\Electronica Digital 2\Laboratorios\Digital-2\Lab 6 Digital 2\STM32F446RETX_FLASH.ld" --specs=nosys.specs -Wl,-Map="Lab 6 Digital 2.map" -Wl,--gc-sections -static --specs=nano.specs -mfpu=fpv4-sp-d16 -mfloat-abi=hard -mthumb -Wl,--start-group -lc -lm -Wl,--end-group
Finished building target: Lab 6 Digital 2.elf
 
arm-none-eabi-size  Lab\ 6\ Digital\ 2.elf 
arm-none-eabi-objdump -h -S Lab\ 6\ Digital\ 2.elf  > "Lab 6 Digital 2.list"
   text	   data	    bss	    dec	    hex	filename
  12576	    124	   1716	  14416	   3850	Lab 6 Digital 2.elf
Finished building: default.size.stdout
 
Finished building: Lab 6 Digital 2.list
 
13:46:10 **** Incremental Build of configuration Debug for project Lab 6 Digital 2 ****
make -j12 all 
arm-none-eabi-size  Lab\ 6\ Digital\ 2.elf 
   text	   data	    bss	    dec	    hex	filename
  12576	    124	   1716	  14416	   3850	Lab 6 Digital 2.elf
Finished building: default.size.stdout
 
14:05:20 **** Incremental Build of configuration Debug for project Lab 6 Digital 2 ****
make -j12 all 
arm-none-eabi-gcc "../Core/Src/main.c" -mcpu=cortex-m4 -std=gnu11 -g3 -DDEBUG -DUSE_HAL_DRIVER -DSTM32F446xx -c -I../Core/Inc -I../Drivers/STM32F4xx_HAL_Driver/Inc -I../Drivers/STM32F4xx_HAL_Driver/Inc/Legacy -I../Drivers/CMSIS/Device/ST/STM32F4xx/Include -I../Drivers/CMSIS/Include -O0 -ffunction-sections -fdata-sections -Wall -fstack-usage -fcyclomatic-complexity -MMD -MP -MF"Core/Src/main.d" -MT"Core/Src/main.o" --specs=nano.specs -mfpu=fpv4-sp-d16 -mfloat-abi=hard -mthumb -o "Core/Src/main.o"
arm-none-eabi-gcc -o "Lab 6 Digital 2.elf" @"objects.list"   -mcpu=cortex-m4 -T"C:\Users\Chris Q\Documents\Electronica Digital 2\Laboratorios\Digital-2\Lab 6 Digital 2\STM32F446RETX_FLASH.ld" --specs=nosys.specs -Wl,-Map="Lab 6 Digital 2.map" -Wl,--gc-sections -static --specs=nano.specs -mfpu=fpv4-sp-d16 -mfloat-abi=hard -mthumb -Wl,--start-group -lc -lm -Wl,--end-group
Finished building target: Lab 6 Digital 2.elf
 
arm-none-eabi-size  Lab\ 6\ Digital\ 2.elf 
arm-none-eabi-objdump -h -S Lab\ 6\ Digital\ 2.elf  > "Lab 6 Digital 2.list"
   text	   data	    bss	    dec	    hex	filename
  15380	    204	   2052	  17636	   44e4	Lab 6 Digital 2.elf
Finished building: default.size.stdout
 
Finished building: Lab 6 Digital 2.list
 
14:10:13 **** Incremental Build of configuration Debug for project Lab 6 Digital 2 ****
make -j12 all 
arm-none-eabi-gcc "../Core/Src/main.c" -mcpu=cortex-m4 -std=gnu11 -g3 -DDEBUG -DUSE_HAL_DRIVER -DSTM32F446xx -c -I../Core/Inc -I../Drivers/STM32F4xx_HAL_Driver/Inc -I../Drivers/STM32F4xx_HAL_Driver/Inc/Legacy -I../Drivers/CMSIS/Device/ST/STM32F4xx/Include -I../Drivers/CMSIS/Include -O0 -ffunction-sections -fdata-sections -Wall -fstack-usage -fcyclomatic-complexity -MMD -MP -MF"Core/Src/main.d" -MT"Core/Src/main.o" --specs=nano.specs -mfpu=fpv4-sp-d16 -mfloat-abi=hard -mthumb -o "Core/Src/main.o"
arm-none-eabi-gcc -o "Lab 6 Digital 2.elf" @"objects.list"   -mcpu=cortex-m4 -T"C:\Users\Chris Q\Documents\Electronica Digital 2\Laboratorios\Digital-2\Lab 6 Digital 2\STM32F446RETX_FLASH.ld" --specs=nosys.specs -Wl,-Map="Lab 6 Digital 2.map" -Wl,--gc-sections -static --specs=nano.specs -mfpu=fpv4-sp-d16 -mfloat-abi=hard -mthumb -Wl,--start-group -lc -lm -Wl,--end-group
Finished building target: Lab 6 Digital 2.elf
 
arm-none-eabi-size  Lab\ 6\ Digital\ 2.elf 
arm-none-eabi-objdump -h -S Lab\ 6\ Digital\ 2.elf  > "Lab 6 Digital 2.list"
   text	   data	    bss	    dec	    hex	filename
  15272	    204	   2052	  17528	   4478	Lab 6 Digital 2.elf
Finished building: default.size.stdout
 
Finished building: Lab 6 Digital 2.list
 
12:26:15 **** Incremental Build of configuration Debug for project Lab 6 Digital 2 ****
make -j12 all 
arm-none-eabi-gcc "../Core/Src/main.c" -mcpu=cortex-m4 -std=gnu11 -g3 -DDEBUG -DUSE_HAL_DRIVER -DSTM32F446xx -c -I../Core/Inc -I../Drivers/STM32F4xx_HAL_Driver/Inc -I../Drivers/STM32F4xx_HAL_Driver/Inc/Legacy -I../Drivers/CMSIS/Device/ST/STM32F4xx/Include -I../Drivers/CMSIS/Include -O0 -ffunction-sections -fdata-sections -Wall -fstack-usage -fcyclomatic-complexity -MMD -MP -MF"Core/Src/main.d" -MT"Core/Src/main.o" --specs=nano.specs -mfpu=fpv4-sp-d16 -mfloat-abi=hard -mthumb -o "Core/Src/main.o"
arm-none-eabi-gcc "../Core/Src/stm32f4xx_hal_msp.c" -mcpu=cortex-m4 -std=gnu11 -g3 -DDEBUG -DUSE_HAL_DRIVER -DSTM32F446xx -c -I../Core/Inc -I../Drivers/STM32F4xx_HAL_Driver/Inc -I../Drivers/STM32F4xx_HAL_Driver/Inc/Legacy -I../Drivers/CMSIS/Device/ST/STM32F4xx/Include -I../Drivers/CMSIS/Include -O0 -ffunction-sections -fdata-sections -Wall -fstack-usage -fcyclomatic-complexity -MMD -MP -MF"Core/Src/stm32f4xx_hal_msp.d" -MT"Core/Src/stm32f4xx_hal_msp.o" --specs=nano.specs -mfpu=fpv4-sp-d16 -mfloat-abi=hard -mthumb -o "Core/Src/stm32f4xx_hal_msp.o"
arm-none-eabi-gcc "../Core/Src/stm32f4xx_it.c" -mcpu=cortex-m4 -std=gnu11 -g3 -DDEBUG -DUSE_HAL_DRIVER -DSTM32F446xx -c -I../Core/Inc -I../Drivers/STM32F4xx_HAL_Driver/Inc -I../Drivers/STM32F4xx_HAL_Driver/Inc/Legacy -I../Drivers/CMSIS/Device/ST/STM32F4xx/Include -I../Drivers/CMSIS/Include -O0 -ffunction-sections -fdata-sections -Wall -fstack-usage -fcyclomatic-complexity -MMD -MP -MF"Core/Src/stm32f4xx_it.d" -MT"Core/Src/stm32f4xx_it.o" --specs=nano.specs -mfpu=fpv4-sp-d16 -mfloat-abi=hard -mthumb -o "Core/Src/stm32f4xx_it.o"
arm-none-eabi-gcc -o "Lab 6 Digital 2.elf" @"objects.list"   -mcpu=cortex-m4 -T"C:\Users\Chris Q\Documents\Electronica Digital 2\Laboratorios\Digital-2\Lab 6 Digital 2\STM32F446RETX_FLASH.ld" --specs=nosys.specs -Wl,-Map="Lab 6 Digital 2.map" -Wl,--gc-sections -static --specs=nano.specs -mfpu=fpv4-sp-d16 -mfloat-abi=hard -mthumb -Wl,--start-group -lc -lm -Wl,--end-group
C:/ST/STM32CubeIDE_1.19.0/STM32CubeIDE/plugins/com.st.stm32cube.ide.mcu.externaltools.gnu-tools-for-stm32.13.3.rel1.win32_1.0.0.202411081344/tools/bin/../lib/gcc/arm-none-eabi/13.3.1/../../../../arm-none-eabi/bin/ld.exe: ./Core/Src/stm32f4xx_hal_msp.o: in function `HAL_MspInit':
C:/Users/Chris Q/Documents/Electronica Digital 2/Laboratorios/Digital-2/Lab 6 Digital 2/Debug/../Core/Src/stm32f4xx_hal_msp.c:64: multiple definition of `HAL_MspInit'; ./Core/Src/main.o:C:/Users/Chris Q/Documents/Electronica Digital 2/Laboratorios/Digital-2/Lab 6 Digital 2/Debug/../Core/Src/main.c:13: first defined here
C:/ST/STM32CubeIDE_1.19.0/STM32CubeIDE/plugins/com.st.stm32cube.ide.mcu.externaltools.gnu-tools-for-stm32.13.3.rel1.win32_1.0.0.202411081344/tools/bin/../lib/gcc/arm-none-eabi/13.3.1/../../../../arm-none-eabi/bin/ld.exe: ./Core/Src/stm32f4xx_hal_msp.o: in function `HAL_UART_MspInit':
C:/Users/Chris Q/Documents/Electronica Digital 2/Laboratorios/Digital-2/Lab 6 Digital 2/Debug/../Core/Src/stm32f4xx_hal_msp.c:89: multiple definition of `HAL_UART_MspInit'; ./Core/Src/main.o:C:/Users/Chris Q/Documents/Electronica Digital 2/Laboratorios/Digital-2/Lab 6 Digital 2/Debug/../Core/Src/main.c:20: first defined here
C:/ST/STM32CubeIDE_1.19.0/STM32CubeIDE/plugins/com.st.stm32cube.ide.mcu.externaltools.gnu-tools-for-stm32.13.3.rel1.win32_1.0.0.202411081344/tools/bin/../lib/gcc/arm-none-eabi/13.3.1/../../../../arm-none-eabi/bin/ld.exe: ./Core/Src/stm32f4xx_hal_msp.o: in function `HAL_UART_MspDeInit':
C:/Users/Chris Q/Documents/Electronica Digital 2/Laboratorios/Digital-2/Lab 6 Digital 2/Debug/../Core/Src/stm32f4xx_hal_msp.c:155: multiple definition of `HAL_UART_MspDeInit'; ./Core/Src/main.o:C:/Users/Chris Q/Documents/Electronica Digital 2/Laboratorios/Digital-2/Lab 6 Digital 2/Debug/../Core/Src/main.c:58: first defined here
C:/ST/STM32CubeIDE_1.19.0/STM32CubeIDE/plugins/com.st.stm32cube.ide.mcu.externaltools.gnu-tools-for-stm32.13.3.rel1.win32_1.0.0.202411081344/tools/bin/../lib/gcc/arm-none-eabi/13.3.1/../../../../arm-none-eabi/bin/ld.exe: ./Core/Startup/startup_stm32f446retx.o: in function `Reset_Handler':
C:/Users/Chris Q/Documents/Electronica Digital 2/Laboratorios/Digital-2/Lab 6 Digital 2/Debug/../Core/Startup/startup_stm32f446retx.s:100:(.text.Reset_Handler+0x32): undefined reference to `main'
C:/ST/STM32CubeIDE_1.19.0/STM32CubeIDE/plugins/com.st.stm32cube.ide.mcu.externaltools.gnu-tools-for-stm32.13.3.rel1.win32_1.0.0.202411081344/tools/bin/../lib/gcc/arm-none-eabi/13.3.1/../../../../arm-none-eabi/bin/ld.exe: ./Core/Src/stm32f4xx_it.o: in function `USART1_IRQHandler':
C:/Users/Chris Q/Documents/Electronica Digital 2/Laboratorios/Digital-2/Lab 6 Digital 2/Debug/../Core/Src/stm32f4xx_it.c:214:(.text.USART1_IRQHandler+0x10): undefined reference to `huart1'
C:/ST/STM32CubeIDE_1.19.0/STM32CubeIDE/plugins/com.st.stm32cube.ide.mcu.externaltools.gnu-tools-for-stm32.13.3.rel1.win32_1.0.0.202411081344/tools/bin/../lib/gcc/arm-none-eabi/13.3.1/../../../../arm-none-eabi/bin/ld.exe: ./Core/Src/stm32f4xx_it.o: in function `USART2_IRQHandler':
C:/Users/Chris Q/Documents/Electronica Digital 2/Laboratorios/Digital-2/Lab 6 Digital 2/Debug/../Core/Src/stm32f4xx_it.c:228:(.text.USART2_IRQHandler+0x10): undefined reference to `huart2'
collect2.exe: error: ld returned 1 exit status
make: *** [makefile:64: Lab 6 Digital 2.elf] Error 1
"make -j12 all" terminated with exit code 2. Build might be incomplete.
12:26:56 **** Incremental Build of configuration Debug for project Lab 6 Digital 2 ****
make -j12 all 
arm-none-eabi-gcc "../Core/Src/main.c" -mcpu=cortex-m4 -std=gnu11 -g3 -DDEBUG -DUSE_HAL_DRIVER -DSTM32F446xx -c -I../Core/Inc -I../Drivers/STM32F4xx_HAL_Driver/Inc -I../Drivers/STM32F4xx_HAL_Driver/Inc/Legacy -I../Drivers/CMSIS/Device/ST/STM32F4xx/Include -I../Drivers/CMSIS/Include -O0 -ffunction-sections -fdata-sections -Wall -fstack-usage -fcyclomatic-complexity -MMD -MP -MF"Core/Src/main.d" -MT"Core/Src/main.o" --specs=nano.specs -mfpu=fpv4-sp-d16 -mfloat-abi=hard -mthumb -o "Core/Src/main.o"
arm-none-eabi-gcc -o "Lab 6 Digital 2.elf" @"objects.list"   -mcpu=cortex-m4 -T"C:\Users\Chris Q\Documents\Electronica Digital 2\Laboratorios\Digital-2\Lab 6 Digital 2\STM32F446RETX_FLASH.ld" --specs=nosys.specs -Wl,-Map="Lab 6 Digital 2.map" -Wl,--gc-sections -static --specs=nano.specs -mfpu=fpv4-sp-d16 -mfloat-abi=hard -mthumb -Wl,--start-group -lc -lm -Wl,--end-group
C:/ST/STM32CubeIDE_1.19.0/STM32CubeIDE/plugins/com.st.stm32cube.ide.mcu.externaltools.gnu-tools-for-stm32.13.3.rel1.win32_1.0.0.202411081344/tools/bin/../lib/gcc/arm-none-eabi/13.3.1/../../../../arm-none-eabi/bin/ld.exe: ./Core/Src/stm32f4xx_hal_msp.o: in function `HAL_MspInit':
C:/Users/Chris Q/Documents/Electronica Digital 2/Laboratorios/Digital-2/Lab 6 Digital 2/Debug/../Core/Src/stm32f4xx_hal_msp.c:64: multiple definition of `HAL_MspInit'; ./Core/Src/main.o:C:/Users/Chris Q/Documents/Electronica Digital 2/Laboratorios/Digital-2/Lab 6 Digital 2/Debug/../Core/Src/main.c:13: first defined here
C:/ST/STM32CubeIDE_1.19.0/STM32CubeIDE/plugins/com.st.stm32cube.ide.mcu.externaltools.gnu-tools-for-stm32.13.3.rel1.win32_1.0.0.202411081344/tools/bin/../lib/gcc/arm-none-eabi/13.3.1/../../../../arm-none-eabi/bin/ld.exe: ./Core/Src/stm32f4xx_hal_msp.o: in function `HAL_UART_MspInit':
C:/Users/Chris Q/Documents/Electronica Digital 2/Laboratorios/Digital-2/Lab 6 Digital 2/Debug/../Core/Src/stm32f4xx_hal_msp.c:89: multiple definition of `HAL_UART_MspInit'; ./Core/Src/main.o:C:/Users/Chris Q/Documents/Electronica Digital 2/Laboratorios/Digital-2/Lab 6 Digital 2/Debug/../Core/Src/main.c:20: first defined here
C:/ST/STM32CubeIDE_1.19.0/STM32CubeIDE/plugins/com.st.stm32cube.ide.mcu.externaltools.gnu-tools-for-stm32.13.3.rel1.win32_1.0.0.202411081344/tools/bin/../lib/gcc/arm-none-eabi/13.3.1/../../../../arm-none-eabi/bin/ld.exe: ./Core/Src/stm32f4xx_hal_msp.o: in function `HAL_UART_MspDeInit':
C:/Users/Chris Q/Documents/Electronica Digital 2/Laboratorios/Digital-2/Lab 6 Digital 2/Debug/../Core/Src/stm32f4xx_hal_msp.c:155: multiple definition of `HAL_UART_MspDeInit'; ./Core/Src/main.o:C:/Users/Chris Q/Documents/Electronica Digital 2/Laboratorios/Digital-2/Lab 6 Digital 2/Debug/../Core/Src/main.c:58: first defined here
C:/ST/STM32CubeIDE_1.19.0/STM32CubeIDE/plugins/com.st.stm32cube.ide.mcu.externaltools.gnu-tools-for-stm32.13.3.rel1.win32_1.0.0.202411081344/tools/bin/../lib/gcc/arm-none-eabi/13.3.1/../../../../arm-none-eabi/bin/ld.exe: ./Core/Startup/startup_stm32f446retx.o: in function `Reset_Handler':
C:/Users/Chris Q/Documents/Electronica Digital 2/Laboratorios/Digital-2/Lab 6 Digital 2/Debug/../Core/Startup/startup_stm32f446retx.s:100:(.text.Reset_Handler+0x32): undefined reference to `main'
C:/ST/STM32CubeIDE_1.19.0/STM32CubeIDE/plugins/com.st.stm32cube.ide.mcu.externaltools.gnu-tools-for-stm32.13.3.rel1.win32_1.0.0.202411081344/tools/bin/../lib/gcc/arm-none-eabi/13.3.1/../../../../arm-none-eabi/bin/ld.exe: ./Core/Src/stm32f4xx_it.o: in function `USART1_IRQHandler':
C:/Users/Chris Q/Documents/Electronica Digital 2/Laboratorios/Digital-2/Lab 6 Digital 2/Debug/../Core/Src/stm32f4xx_it.c:214:(.text.USART1_IRQHandler+0x10): undefined reference to `huart1'
C:/ST/STM32CubeIDE_1.19.0/STM32CubeIDE/plugins/com.st.stm32cube.ide.mcu.externaltools.gnu-tools-for-stm32.13.3.rel1.win32_1.0.0.202411081344/tools/bin/../lib/gcc/arm-none-eabi/13.3.1/../../../../arm-none-eabi/bin/ld.exe: ./Core/Src/stm32f4xx_it.o: in function `USART2_IRQHandler':
C:/Users/Chris Q/Documents/Electronica Digital 2/Laboratorios/Digital-2/Lab 6 Digital 2/Debug/../Core/Src/stm32f4xx_it.c:228:(.text.USART2_IRQHandler+0x10): undefined reference to `huart2'
collect2.exe: error: ld returned 1 exit status
make: *** [makefile:64: Lab 6 Digital 2.elf] Error 1
"make -j12 all" terminated with exit code 2. Build might be incomplete.
12:39:30 **** Incremental Build of configuration Debug for project Lab 6 Digital 2 ****
make -j12 all 
arm-none-eabi-gcc "../Core/Src/main.c" -mcpu=cortex-m4 -std=gnu11 -g3 -DDEBUG -DUSE_HAL_DRIVER -DSTM32F446xx -c -I../Core/Inc -I../Drivers/STM32F4xx_HAL_Driver/Inc -I../Drivers/STM32F4xx_HAL_Driver/Inc/Legacy -I../Drivers/CMSIS/Device/ST/STM32F4xx/Include -I../Drivers/CMSIS/Include -O0 -ffunction-sections -fdata-sections -Wall -fstack-usage -fcyclomatic-complexity -MMD -MP -MF"Core/Src/main.d" -MT"Core/Src/main.o" --specs=nano.specs -mfpu=fpv4-sp-d16 -mfloat-abi=hard -mthumb -o "Core/Src/main.o"
arm-none-eabi-gcc -o "Lab 6 Digital 2.elf" @"objects.list"   -mcpu=cortex-m4 -T"C:\Users\Chris Q\Documents\Electronica Digital 2\Laboratorios\Digital-2\Lab 6 Digital 2\STM32F446RETX_FLASH.ld" --specs=nosys.specs -Wl,-Map="Lab 6 Digital 2.map" -Wl,--gc-sections -static --specs=nano.specs -mfpu=fpv4-sp-d16 -mfloat-abi=hard -mthumb -Wl,--start-group -lc -lm -Wl,--end-group
Finished building target: Lab 6 Digital 2.elf
 
arm-none-eabi-size  Lab\ 6\ Digital\ 2.elf 
arm-none-eabi-objdump -h -S Lab\ 6\ Digital\ 2.elf  > "Lab 6 Digital 2.list"
   text	   data	    bss	    dec	    hex	filename
  12140	     64	   1720	  13924	   3664	Lab 6 Digital 2.elf
Finished building: default.size.stdout
 
Finished building: Lab 6 Digital 2.list
 
12:54:31 **** Clean-only build of configuration Debug for project Lab 6 Digital 2 ****
make -j12 clean 
rm -rf ./Drivers/STM32F4xx_HAL_Driver/Src/stm32f4xx_hal.cyclo ./Drivers/STM32F4xx_HAL_Driver/Src/stm32f4xx_hal.d ./Drivers/STM32F4xx_HAL_Driver/Src/stm32f4xx_hal.o ./Drivers/STM32F4xx_HAL_Driver/Src/stm32f4xx_hal.su ./Drivers/STM32F4xx_HAL_Driver/Src/stm32f4xx_hal_cortex.cyclo ./Drivers/STM32F4xx_HAL_Driver/Src/stm32f4xx_hal_cortex.d ./Drivers/STM32F4xx_HAL_Driver/Src/stm32f4xx_hal_cortex.o ./Drivers/STM32F4xx_HAL_Driver/Src/stm32f4xx_hal_cortex.su ./Drivers/STM32F4xx_HAL_Driver/Src/stm32f4xx_hal_dma.cyclo ./Drivers/STM32F4xx_HAL_Driver/Src/stm32f4xx_hal_dma.d ./Drivers/STM32F4xx_HAL_Driver/Src/stm32f4xx_hal_dma.o ./Drivers/STM32F4xx_HAL_Driver/Src/stm32f4xx_hal_dma.su ./Drivers/STM32F4xx_HAL_Driver/Src/stm32f4xx_hal_dma_ex.cyclo ./Drivers/STM32F4xx_HAL_Driver/Src/stm32f4xx_hal_dma_ex.d ./Drivers/STM32F4xx_HAL_Driver/Src/stm32f4xx_hal_dma_ex.o ./Drivers/STM32F4xx_HAL_Driver/Src/stm32f4xx_hal_dma_ex.su ./Drivers/STM32F4xx_HAL_Driver/Src/stm32f4xx_hal_exti.cyclo ./Drivers/STM32F4xx_HAL_Driver/Src/stm32f4xx_hal_exti.d ./Drivers/STM32F4xx_HAL_Driver/Src/stm32f4xx_hal_exti.o ./Drivers/STM32F4xx_HAL_Driver/Src/stm32f4xx_hal_exti.su ./Drivers/STM32F4xx_HAL_Driver/Src/stm32f4xx_hal_flash.cyclo ./Drivers/STM32F4xx_HAL_Driver/Src/stm32f4xx_hal_flash.d ./Drivers/STM32F4xx_HAL_Driver/Src/stm32f4xx_hal_flash.o ./Drivers/STM32F4xx_HAL_Driver/Src/stm32f4xx_hal_flash.su ./Drivers/STM32F4xx_HAL_Driver/Src/stm32f4xx_hal_flash_ex.cyclo ./Drivers/STM32F4xx_HAL_Driver/Src/stm32f4xx_hal_flash_ex.d ./Drivers/STM32F4xx_HAL_Driver/Src/stm32f4xx_hal_flash_ex.o ./Drivers/STM32F4xx_HAL_Driver/Src/stm32f4xx_hal_flash_ex.su ./Drivers/STM32F4xx_HAL_Driver/Src/stm32f4xx_hal_flash_ramfunc.cyclo ./Drivers/STM32F4xx_HAL_Driver/Src/stm32f4xx_hal_flash_ramfunc.d ./Drivers/STM32F4xx_HAL_Driver/Src/stm32f4xx_hal_flash_ramfunc.o ./Drivers/STM32F4xx_HAL_Driver/Src/stm32f4xx_hal_flash_ramfunc.su ./Drivers/STM32F4xx_HAL_Driver/Src/stm32f4xx_hal_gpio.cyclo ./Drivers/STM32F4xx_HAL_Driver/Src/stm32f4xx_hal_gpio.d ./Drivers/STM32F4xx_HAL_Driver/Src/stm32f4xx_hal_gpio.o ./Drivers/STM32F4xx_HAL_Driver/Src/stm32f4xx_hal_gpio.su ./Drivers/STM32F4xx_HAL_Driver/Src/stm32f4xx_hal_pwr.cyclo ./Drivers/STM32F4xx_HAL_Driver/Src/stm32f4xx_hal_pwr.d ./Drivers/STM32F4xx_HAL_Driver/Src/stm32f4xx_hal_pwr.o ./Drivers/STM32F4xx_HAL_Driver/Src/stm32f4xx_hal_pwr.su ./Drivers/STM32F4xx_HAL_Driver/Src/stm32f4xx_hal_pwr_ex.cyclo ./Drivers/STM32F4xx_HAL_Driver/Src/stm32f4xx_hal_pwr_ex.d ./Drivers/STM32F4xx_HAL_Driver/Src/stm32f4xx_hal_pwr_ex.o ./Drivers/STM32F4xx_HAL_Driver/Src/stm32f4xx_hal_pwr_ex.su ./Drivers/STM32F4xx_HAL_Driver/Src/stm32f4xx_hal_rcc.cyclo ./Drivers/STM32F4xx_HAL_Driver/Src/stm32f4xx_hal_rcc.d ./Drivers/STM32F4xx_HAL_Driver/Src/stm32f4xx_hal_rcc.o ./Drivers/STM32F4xx_HAL_Driver/Src/stm32f4xx_hal_rcc.su ./Drivers/STM32F4xx_HAL_Driver/Src/stm32f4xx_hal_rcc_ex.cyclo ./Drivers/STM32F4xx_HAL_Driver/Src/stm32f4xx_hal_rcc_ex.d ./Drivers/STM32F4xx_HAL_Driver/Src/stm32f4xx_hal_rcc_ex.o ./Drivers/STM32F4xx_HAL_Driver/Src/stm32f4xx_hal_rcc_ex.su ./Drivers/STM32F4xx_HAL_Driver/Src/stm32f4xx_hal_uart.cyclo ./Drivers/STM32F4xx_HAL_Driver/Src/stm32f4xx_hal_uart.d ./Drivers/STM32F4xx_HAL_Driver/Src/stm32f4xx_hal_uart.o ./Drivers/STM32F4xx_HAL_Driver/Src/stm32f4xx_hal_uart.su
rm -rf ./Core/Startup/startup_stm32f446retx.d ./Core/Startup/startup_stm32f446retx.o
rm -rf ./Core/Src/main.cyclo ./Core/Src/main.d ./Core/Src/main.o ./Core/Src/main.su ./Core/Src/stm32f4xx_hal_msp.cyclo ./Core/Src/stm32f4xx_hal_msp.d ./Core/Src/stm32f4xx_hal_msp.o ./Core/Src/stm32f4xx_hal_msp.su ./Core/Src/stm32f4xx_it.cyclo ./Core/Src/stm32f4xx_it.d ./Core/Src/stm32f4xx_it.o ./Core/Src/stm32f4xx_it.su ./Core/Src/syscalls.cyclo ./Core/Src/syscalls.d ./Core/Src/syscalls.o ./Core/Src/syscalls.su ./Core/Src/sysmem.cyclo ./Core/Src/sysmem.d ./Core/Src/sysmem.o ./Core/Src/sysmem.su ./Core/Src/system_stm32f4xx.cyclo ./Core/Src/system_stm32f4xx.d ./Core/Src/system_stm32f4xx.o ./Core/Src/system_stm32f4xx.su
rm -rf Lab\ 6\ Digital\ 2.elf Lab\ 6\ Digital\ 2.list Lab\ 6\ Digital\ 2.map Lab\\ 6\\ Digital\\ 2.elf default.size.stdout
 
12:54:32 **** Clean-only build of configuration Debug for project Prueba Hola mundo ****
make -j12 clean 
rm -rf ./Drivers/STM32F4xx_HAL_Driver/Src/stm32f4xx_hal.cyclo ./Drivers/STM32F4xx_HAL_Driver/Src/stm32f4xx_hal.d ./Drivers/STM32F4xx_HAL_Driver/Src/stm32f4xx_hal.o ./Drivers/STM32F4xx_HAL_Driver/Src/stm32f4xx_hal.su ./Drivers/STM32F4xx_HAL_Driver/Src/stm32f4xx_hal_cortex.cyclo ./Drivers/STM32F4xx_HAL_Driver/Src/stm32f4xx_hal_cortex.d ./Drivers/STM32F4xx_HAL_Driver/Src/stm32f4xx_hal_cortex.o ./Drivers/STM32F4xx_HAL_Driver/Src/stm32f4xx_hal_cortex.su ./Drivers/STM32F4xx_HAL_Driver/Src/stm32f4xx_hal_dma.cyclo ./Drivers/STM32F4xx_HAL_Driver/Src/stm32f4xx_hal_dma.d ./Drivers/STM32F4xx_HAL_Driver/Src/stm32f4xx_hal_dma.o ./Drivers/STM32F4xx_HAL_Driver/Src/stm32f4xx_hal_dma.su ./Drivers/STM32F4xx_HAL_Driver/Src/stm32f4xx_hal_dma_ex.cyclo ./Drivers/STM32F4xx_HAL_Driver/Src/stm32f4xx_hal_dma_ex.d ./Drivers/STM32F4xx_HAL_Driver/Src/stm32f4xx_hal_dma_ex.o ./Drivers/STM32F4xx_HAL_Driver/Src/stm32f4xx_hal_dma_ex.su ./Drivers/STM32F4xx_HAL_Driver/Src/stm32f4xx_hal_exti.cyclo ./Drivers/STM32F4xx_HAL_Driver/Src/stm32f4xx_hal_exti.d ./Drivers/STM32F4xx_HAL_Driver/Src/stm32f4xx_hal_exti.o ./Drivers/STM32F4xx_HAL_Driver/Src/stm32f4xx_hal_exti.su ./Drivers/STM32F4xx_HAL_Driver/Src/stm32f4xx_hal_flash.cyclo ./Drivers/STM32F4xx_HAL_Driver/Src/stm32f4xx_hal_flash.d ./Drivers/STM32F4xx_HAL_Driver/Src/stm32f4xx_hal_flash.o ./Drivers/STM32F4xx_HAL_Driver/Src/stm32f4xx_hal_flash.su ./Drivers/STM32F4xx_HAL_Driver/Src/stm32f4xx_hal_flash_ex.cyclo ./Drivers/STM32F4xx_HAL_Driver/Src/stm32f4xx_hal_flash_ex.d ./Drivers/STM32F4xx_HAL_Driver/Src/stm32f4xx_hal_flash_ex.o ./Drivers/STM32F4xx_HAL_Driver/Src/stm32f4xx_hal_flash_ex.su ./Drivers/STM32F4xx_HAL_Driver/Src/stm32f4xx_hal_flash_ramfunc.cyclo ./Drivers/STM32F4xx_HAL_Driver/Src/stm32f4xx_hal_flash_ramfunc.d ./Drivers/STM32F4xx_HAL_Driver/Src/stm32f4xx_hal_flash_ramfunc.o ./Drivers/STM32F4xx_HAL_Driver/Src/stm32f4xx_hal_flash_ramfunc.su ./Drivers/STM32F4xx_HAL_Driver/Src/stm32f4xx_hal_gpio.cyclo ./Drivers/STM32F4xx_HAL_Driver/Src/stm32f4xx_hal_gpio.d ./Drivers/STM32F4xx_HAL_Driver/Src/stm32f4xx_hal_gpio.o ./Drivers/STM32F4xx_HAL_Driver/Src/stm32f4xx_hal_gpio.su ./Drivers/STM32F4xx_HAL_Driver/Src/stm32f4xx_hal_pwr.cyclo ./Drivers/STM32F4xx_HAL_Driver/Src/stm32f4xx_hal_pwr.d ./Drivers/STM32F4xx_HAL_Driver/Src/stm32f4xx_hal_pwr.o ./Drivers/STM32F4xx_HAL_Driver/Src/stm32f4xx_hal_pwr.su ./Drivers/STM32F4xx_HAL_Driver/Src/stm32f4xx_hal_pwr_ex.cyclo ./Drivers/STM32F4xx_HAL_Driver/Src/stm32f4xx_hal_pwr_ex.d ./Drivers/STM32F4xx_HAL_Driver/Src/stm32f4xx_hal_pwr_ex.o ./Drivers/STM32F4xx_HAL_Driver/Src/stm32f4xx_hal_pwr_ex.su ./Drivers/STM32F4xx_HAL_Driver/Src/stm32f4xx_hal_rcc.cyclo ./Drivers/STM32F4xx_HAL_Driver/Src/stm32f4xx_hal_rcc.d ./Drivers/STM32F4xx_HAL_Driver/Src/stm32f4xx_hal_rcc.o ./Drivers/STM32F4xx_HAL_Driver/Src/stm32f4xx_hal_rcc.su ./Drivers/STM32F4xx_HAL_Driver/Src/stm32f4xx_hal_rcc_ex.cyclo ./Drivers/STM32F4xx_HAL_Driver/Src/stm32f4xx_hal_rcc_ex.d ./Drivers/STM32F4xx_HAL_Driver/Src/stm32f4xx_hal_rcc_ex.o ./Drivers/STM32F4xx_HAL_Driver/Src/stm32f4xx_hal_rcc_ex.su ./Drivers/STM32F4xx_HAL_Driver/Src/stm32f4xx_hal_uart.cyclo ./Drivers/STM32F4xx_HAL_Driver/Src/stm32f4xx_hal_uart.d ./Drivers/STM32F4xx_HAL_Driver/Src/stm32f4xx_hal_uart.o ./Drivers/STM32F4xx_HAL_Driver/Src/stm32f4xx_hal_uart.su
rm -rf ./Core/Startup/startup_stm32f446retx.d ./Core/Startup/startup_stm32f446retx.o
rm -rf ./Core/Src/main.cyclo ./Core/Src/main.d ./Core/Src/main.o ./Core/Src/main.su ./Core/Src/stm32f4xx_hal_msp.cyclo ./Core/Src/stm32f4xx_hal_msp.d ./Core/Src/stm32f4xx_hal_msp.o ./Core/Src/stm32f4xx_hal_msp.su ./Core/Src/stm32f4xx_it.cyclo ./Core/Src/stm32f4xx_it.d ./Core/Src/stm32f4xx_it.o ./Core/Src/stm32f4xx_it.su ./Core/Src/syscalls.cyclo ./Core/Src/syscalls.d ./Core/Src/syscalls.o ./Core/Src/syscalls.su ./Core/Src/sysmem.cyclo ./Core/Src/sysmem.d ./Core/Src/sysmem.o ./Core/Src/sysmem.su ./Core/Src/system_stm32f4xx.cyclo ./Core/Src/system_stm32f4xx.d ./Core/Src/system_stm32f4xx.o ./Core/Src/system_stm32f4xx.su
rm -rf Prueba\ Hola\ mundo.elf Prueba\ Hola\ mundo.list Prueba\ Hola\ mundo.map Prueba\\ Hola\\ mundo.elf default.size.stdout
 
12:54:32 **** Build of configuration Debug for project Lab 6 Digital 2 ****
make -j12 all 
arm-none-eabi-gcc "../Drivers/STM32F4xx_HAL_Driver/Src/stm32f4xx_hal.c" -mcpu=cortex-m4 -std=gnu11 -g3 -DDEBUG -DUSE_HAL_DRIVER -DSTM32F446xx -c -I../Core/Inc -I../Drivers/STM32F4xx_HAL_Driver/Inc -I../Drivers/STM32F4xx_HAL_Driver/Inc/Legacy -I../Drivers/CMSIS/Device/ST/STM32F4xx/Include -I../Drivers/CMSIS/Include -O0 -ffunction-sections -fdata-sections -Wall -fstack-usage -fcyclomatic-complexity -MMD -MP -MF"Drivers/STM32F4xx_HAL_Driver/Src/stm32f4xx_hal.d" -MT"Drivers/STM32F4xx_HAL_Driver/Src/stm32f4xx_hal.o" --specs=nano.specs -mfpu=fpv4-sp-d16 -mfloat-abi=hard -mthumb -o "Drivers/STM32F4xx_HAL_Driver/Src/stm32f4xx_hal.o"
arm-none-eabi-gcc "../Drivers/STM32F4xx_HAL_Driver/Src/stm32f4xx_hal_cortex.c" -mcpu=cortex-m4 -std=gnu11 -g3 -DDEBUG -DUSE_HAL_DRIVER -DSTM32F446xx -c -I../Core/Inc -I../Drivers/STM32F4xx_HAL_Driver/Inc -I../Drivers/STM32F4xx_HAL_Driver/Inc/Legacy -I../Drivers/CMSIS/Device/ST/STM32F4xx/Include -I../Drivers/CMSIS/Include -O0 -ffunction-sections -fdata-sections -Wall -fstack-usage -fcyclomatic-complexity -MMD -MP -MF"Drivers/STM32F4xx_HAL_Driver/Src/stm32f4xx_hal_cortex.d" -MT"Drivers/STM32F4xx_HAL_Driver/Src/stm32f4xx_hal_cortex.o" --specs=nano.specs -mfpu=fpv4-sp-d16 -mfloat-abi=hard -mthumb -o "Drivers/STM32F4xx_HAL_Driver/Src/stm32f4xx_hal_cortex.o"
arm-none-eabi-gcc "../Drivers/STM32F4xx_HAL_Driver/Src/stm32f4xx_hal_dma.c" -mcpu=cortex-m4 -std=gnu11 -g3 -DDEBUG -DUSE_HAL_DRIVER -DSTM32F446xx -c -I../Core/Inc -I../Drivers/STM32F4xx_HAL_Driver/Inc -I../Drivers/STM32F4xx_HAL_Driver/Inc/Legacy -I../Drivers/CMSIS/Device/ST/STM32F4xx/Include -I../Drivers/CMSIS/Include -O0 -ffunction-sections -fdata-sections -Wall -fstack-usage -fcyclomatic-complexity -MMD -MP -MF"Drivers/STM32F4xx_HAL_Driver/Src/stm32f4xx_hal_dma.d" -MT"Drivers/STM32F4xx_HAL_Driver/Src/stm32f4xx_hal_dma.o" --specs=nano.specs -mfpu=fpv4-sp-d16 -mfloat-abi=hard -mthumb -o "Drivers/STM32F4xx_HAL_Driver/Src/stm32f4xx_hal_dma.o"
arm-none-eabi-gcc "../Drivers/STM32F4xx_HAL_Driver/Src/stm32f4xx_hal_dma_ex.c" -mcpu=cortex-m4 -std=gnu11 -g3 -DDEBUG -DUSE_HAL_DRIVER -DSTM32F446xx -c -I../Core/Inc -I../Drivers/STM32F4xx_HAL_Driver/Inc -I../Drivers/STM32F4xx_HAL_Driver/Inc/Legacy -I../Drivers/CMSIS/Device/ST/STM32F4xx/Include -I../Drivers/CMSIS/Include -O0 -ffunction-sections -fdata-sections -Wall -fstack-usage -fcyclomatic-complexity -MMD -MP -MF"Drivers/STM32F4xx_HAL_Driver/Src/stm32f4xx_hal_dma_ex.d" -MT"Drivers/STM32F4xx_HAL_Driver/Src/stm32f4xx_hal_dma_ex.o" --specs=nano.specs -mfpu=fpv4-sp-d16 -mfloat-abi=hard -mthumb -o "Drivers/STM32F4xx_HAL_Driver/Src/stm32f4xx_hal_dma_ex.o"
arm-none-eabi-gcc "../Drivers/STM32F4xx_HAL_Driver/Src/stm32f4xx_hal_exti.c" -mcpu=cortex-m4 -std=gnu11 -g3 -DDEBUG -DUSE_HAL_DRIVER -DSTM32F446xx -c -I../Core/Inc -I../Drivers/STM32F4xx_HAL_Driver/Inc -I../Drivers/STM32F4xx_HAL_Driver/Inc/Legacy -I../Drivers/CMSIS/Device/ST/STM32F4xx/Include -I../Drivers/CMSIS/Include -O0 -ffunction-sections -fdata-sections -Wall -fstack-usage -fcyclomatic-complexity -MMD -MP -MF"Drivers/STM32F4xx_HAL_Driver/Src/stm32f4xx_hal_exti.d" -MT"Drivers/STM32F4xx_HAL_Driver/Src/stm32f4xx_hal_exti.o" --specs=nano.specs -mfpu=fpv4-sp-d16 -mfloat-abi=hard -mthumb -o "Drivers/STM32F4xx_HAL_Driver/Src/stm32f4xx_hal_exti.o"
arm-none-eabi-gcc "../Drivers/STM32F4xx_HAL_Driver/Src/stm32f4xx_hal_flash.c" -mcpu=cortex-m4 -std=gnu11 -g3 -DDEBUG -DUSE_HAL_DRIVER -DSTM32F446xx -c -I../Core/Inc -I../Drivers/STM32F4xx_HAL_Driver/Inc -I../Drivers/STM32F4xx_HAL_Driver/Inc/Legacy -I../Drivers/CMSIS/Device/ST/STM32F4xx/Include -I../Drivers/CMSIS/Include -O0 -ffunction-sections -fdata-sections -Wall -fstack-usage -fcyclomatic-complexity -MMD -MP -MF"Drivers/STM32F4xx_HAL_Driver/Src/stm32f4xx_hal_flash.d" -MT"Drivers/STM32F4xx_HAL_Driver/Src/stm32f4xx_hal_flash.o" --specs=nano.specs -mfpu=fpv4-sp-d16 -mfloat-abi=hard -mthumb -o "Drivers/STM32F4xx_HAL_Driver/Src/stm32f4xx_hal_flash.o"
arm-none-eabi-gcc "../Drivers/STM32F4xx_HAL_Driver/Src/stm32f4xx_hal_flash_ex.c" -mcpu=cortex-m4 -std=gnu11 -g3 -DDEBUG -DUSE_HAL_DRIVER -DSTM32F446xx -c -I../Core/Inc -I../Drivers/STM32F4xx_HAL_Driver/Inc -I../Drivers/STM32F4xx_HAL_Driver/Inc/Legacy -I../Drivers/CMSIS/Device/ST/STM32F4xx/Include -I../Drivers/CMSIS/Include -O0 -ffunction-sections -fdata-sections -Wall -fstack-usage -fcyclomatic-complexity -MMD -MP -MF"Drivers/STM32F4xx_HAL_Driver/Src/stm32f4xx_hal_flash_ex.d" -MT"Drivers/STM32F4xx_HAL_Driver/Src/stm32f4xx_hal_flash_ex.o" --specs=nano.specs -mfpu=fpv4-sp-d16 -mfloat-abi=hard -mthumb -o "Drivers/STM32F4xx_HAL_Driver/Src/stm32f4xx_hal_flash_ex.o"
arm-none-eabi-gcc "../Drivers/STM32F4xx_HAL_Driver/Src/stm32f4xx_hal_flash_ramfunc.c" -mcpu=cortex-m4 -std=gnu11 -g3 -DDEBUG -DUSE_HAL_DRIVER -DSTM32F446xx -c -I../Core/Inc -I../Drivers/STM32F4xx_HAL_Driver/Inc -I../Drivers/STM32F4xx_HAL_Driver/Inc/Legacy -I../Drivers/CMSIS/Device/ST/STM32F4xx/Include -I../Drivers/CMSIS/Include -O0 -ffunction-sections -fdata-sections -Wall -fstack-usage -fcyclomatic-complexity -MMD -MP -MF"Drivers/STM32F4xx_HAL_Driver/Src/stm32f4xx_hal_flash_ramfunc.d" -MT"Drivers/STM32F4xx_HAL_Driver/Src/stm32f4xx_hal_flash_ramfunc.o" --specs=nano.specs -mfpu=fpv4-sp-d16 -mfloat-abi=hard -mthumb -o "Drivers/STM32F4xx_HAL_Driver/Src/stm32f4xx_hal_flash_ramfunc.o"
arm-none-eabi-gcc "../Drivers/STM32F4xx_HAL_Driver/Src/stm32f4xx_hal_gpio.c" -mcpu=cortex-m4 -std=gnu11 -g3 -DDEBUG -DUSE_HAL_DRIVER -DSTM32F446xx -c -I../Core/Inc -I../Drivers/STM32F4xx_HAL_Driver/Inc -I../Drivers/STM32F4xx_HAL_Driver/Inc/Legacy -I../Drivers/CMSIS/Device/ST/STM32F4xx/Include -I../Drivers/CMSIS/Include -O0 -ffunction-sections -fdata-sections -Wall -fstack-usage -fcyclomatic-complexity -MMD -MP -MF"Drivers/STM32F4xx_HAL_Driver/Src/stm32f4xx_hal_gpio.d" -MT"Drivers/STM32F4xx_HAL_Driver/Src/stm32f4xx_hal_gpio.o" --specs=nano.specs -mfpu=fpv4-sp-d16 -mfloat-abi=hard -mthumb -o "Drivers/STM32F4xx_HAL_Driver/Src/stm32f4xx_hal_gpio.o"
arm-none-eabi-gcc "../Drivers/STM32F4xx_HAL_Driver/Src/stm32f4xx_hal_pwr.c" -mcpu=cortex-m4 -std=gnu11 -g3 -DDEBUG -DUSE_HAL_DRIVER -DSTM32F446xx -c -I../Core/Inc -I../Drivers/STM32F4xx_HAL_Driver/Inc -I../Drivers/STM32F4xx_HAL_Driver/Inc/Legacy -I../Drivers/CMSIS/Device/ST/STM32F4xx/Include -I../Drivers/CMSIS/Include -O0 -ffunction-sections -fdata-sections -Wall -fstack-usage -fcyclomatic-complexity -MMD -MP -MF"Drivers/STM32F4xx_HAL_Driver/Src/stm32f4xx_hal_pwr.d" -MT"Drivers/STM32F4xx_HAL_Driver/Src/stm32f4xx_hal_pwr.o" --specs=nano.specs -mfpu=fpv4-sp-d16 -mfloat-abi=hard -mthumb -o "Drivers/STM32F4xx_HAL_Driver/Src/stm32f4xx_hal_pwr.o"
arm-none-eabi-gcc "../Drivers/STM32F4xx_HAL_Driver/Src/stm32f4xx_hal_pwr_ex.c" -mcpu=cortex-m4 -std=gnu11 -g3 -DDEBUG -DUSE_HAL_DRIVER -DSTM32F446xx -c -I../Core/Inc -I../Drivers/STM32F4xx_HAL_Driver/Inc -I../Drivers/STM32F4xx_HAL_Driver/Inc/Legacy -I../Drivers/CMSIS/Device/ST/STM32F4xx/Include -I../Drivers/CMSIS/Include -O0 -ffunction-sections -fdata-sections -Wall -fstack-usage -fcyclomatic-complexity -MMD -MP -MF"Drivers/STM32F4xx_HAL_Driver/Src/stm32f4xx_hal_pwr_ex.d" -MT"Drivers/STM32F4xx_HAL_Driver/Src/stm32f4xx_hal_pwr_ex.o" --specs=nano.specs -mfpu=fpv4-sp-d16 -mfloat-abi=hard -mthumb -o "Drivers/STM32F4xx_HAL_Driver/Src/stm32f4xx_hal_pwr_ex.o"
arm-none-eabi-gcc "../Drivers/STM32F4xx_HAL_Driver/Src/stm32f4xx_hal_rcc.c" -mcpu=cortex-m4 -std=gnu11 -g3 -DDEBUG -DUSE_HAL_DRIVER -DSTM32F446xx -c -I../Core/Inc -I../Drivers/STM32F4xx_HAL_Driver/Inc -I../Drivers/STM32F4xx_HAL_Driver/Inc/Legacy -I../Drivers/CMSIS/Device/ST/STM32F4xx/Include -I../Drivers/CMSIS/Include -O0 -ffunction-sections -fdata-sections -Wall -fstack-usage -fcyclomatic-complexity -MMD -MP -MF"Drivers/STM32F4xx_HAL_Driver/Src/stm32f4xx_hal_rcc.d" -MT"Drivers/STM32F4xx_HAL_Driver/Src/stm32f4xx_hal_rcc.o" --specs=nano.specs -mfpu=fpv4-sp-d16 -mfloat-abi=hard -mthumb -o "Drivers/STM32F4xx_HAL_Driver/Src/stm32f4xx_hal_rcc.o"
arm-none-eabi-gcc "../Drivers/STM32F4xx_HAL_Driver/Src/stm32f4xx_hal_rcc_ex.c" -mcpu=cortex-m4 -std=gnu11 -g3 -DDEBUG -DUSE_HAL_DRIVER -DSTM32F446xx -c -I../Core/Inc -I../Drivers/STM32F4xx_HAL_Driver/Inc -I../Drivers/STM32F4xx_HAL_Driver/Inc/Legacy -I../Drivers/CMSIS/Device/ST/STM32F4xx/Include -I../Drivers/CMSIS/Include -O0 -ffunction-sections -fdata-sections -Wall -fstack-usage -fcyclomatic-complexity -MMD -MP -MF"Drivers/STM32F4xx_HAL_Driver/Src/stm32f4xx_hal_rcc_ex.d" -MT"Drivers/STM32F4xx_HAL_Driver/Src/stm32f4xx_hal_rcc_ex.o" --specs=nano.specs -mfpu=fpv4-sp-d16 -mfloat-abi=hard -mthumb -o "Drivers/STM32F4xx_HAL_Driver/Src/stm32f4xx_hal_rcc_ex.o"
arm-none-eabi-gcc "../Drivers/STM32F4xx_HAL_Driver/Src/stm32f4xx_hal_uart.c" -mcpu=cortex-m4 -std=gnu11 -g3 -DDEBUG -DUSE_HAL_DRIVER -DSTM32F446xx -c -I../Core/Inc -I../Drivers/STM32F4xx_HAL_Driver/Inc -I../Drivers/STM32F4xx_HAL_Driver/Inc/Legacy -I../Drivers/CMSIS/Device/ST/STM32F4xx/Include -I../Drivers/CMSIS/Include -O0 -ffunction-sections -fdata-sections -Wall -fstack-usage -fcyclomatic-complexity -MMD -MP -MF"Drivers/STM32F4xx_HAL_Driver/Src/stm32f4xx_hal_uart.d" -MT"Drivers/STM32F4xx_HAL_Driver/Src/stm32f4xx_hal_uart.o" --specs=nano.specs -mfpu=fpv4-sp-d16 -mfloat-abi=hard -mthumb -o "Drivers/STM32F4xx_HAL_Driver/Src/stm32f4xx_hal_uart.o"
arm-none-eabi-gcc -mcpu=cortex-m4 -g3 -DDEBUG -c -x assembler-with-cpp -MMD -MP -MF"Core/Startup/startup_stm32f446retx.d" -MT"Core/Startup/startup_stm32f446retx.o" --specs=nano.specs -mfpu=fpv4-sp-d16 -mfloat-abi=hard -mthumb -o "Core/Startup/startup_stm32f446retx.o" "../Core/Startup/startup_stm32f446retx.s"
arm-none-eabi-gcc "../Core/Src/main.c" -mcpu=cortex-m4 -std=gnu11 -g3 -DDEBUG -DUSE_HAL_DRIVER -DSTM32F446xx -c -I../Core/Inc -I../Drivers/STM32F4xx_HAL_Driver/Inc -I../Drivers/STM32F4xx_HAL_Driver/Inc/Legacy -I../Drivers/CMSIS/Device/ST/STM32F4xx/Include -I../Drivers/CMSIS/Include -O0 -ffunction-sections -fdata-sections -Wall -fstack-usage -fcyclomatic-complexity -MMD -MP -MF"Core/Src/main.d" -MT"Core/Src/main.o" --specs=nano.specs -mfpu=fpv4-sp-d16 -mfloat-abi=hard -mthumb -o "Core/Src/main.o"
arm-none-eabi-gcc "../Core/Src/stm32f4xx_hal_msp.c" -mcpu=cortex-m4 -std=gnu11 -g3 -DDEBUG -DUSE_HAL_DRIVER -DSTM32F446xx -c -I../Core/Inc -I../Drivers/STM32F4xx_HAL_Driver/Inc -I../Drivers/STM32F4xx_HAL_Driver/Inc/Legacy -I../Drivers/CMSIS/Device/ST/STM32F4xx/Include -I../Drivers/CMSIS/Include -O0 -ffunction-sections -fdata-sections -Wall -fstack-usage -fcyclomatic-complexity -MMD -MP -MF"Core/Src/stm32f4xx_hal_msp.d" -MT"Core/Src/stm32f4xx_hal_msp.o" --specs=nano.specs -mfpu=fpv4-sp-d16 -mfloat-abi=hard -mthumb -o "Core/Src/stm32f4xx_hal_msp.o"
arm-none-eabi-gcc "../Core/Src/stm32f4xx_it.c" -mcpu=cortex-m4 -std=gnu11 -g3 -DDEBUG -DUSE_HAL_DRIVER -DSTM32F446xx -c -I../Core/Inc -I../Drivers/STM32F4xx_HAL_Driver/Inc -I../Drivers/STM32F4xx_HAL_Driver/Inc/Legacy -I../Drivers/CMSIS/Device/ST/STM32F4xx/Include -I../Drivers/CMSIS/Include -O0 -ffunction-sections -fdata-sections -Wall -fstack-usage -fcyclomatic-complexity -MMD -MP -MF"Core/Src/stm32f4xx_it.d" -MT"Core/Src/stm32f4xx_it.o" --specs=nano.specs -mfpu=fpv4-sp-d16 -mfloat-abi=hard -mthumb -o "Core/Src/stm32f4xx_it.o"
arm-none-eabi-gcc "../Core/Src/syscalls.c" -mcpu=cortex-m4 -std=gnu11 -g3 -DDEBUG -DUSE_HAL_DRIVER -DSTM32F446xx -c -I../Core/Inc -I../Drivers/STM32F4xx_HAL_Driver/Inc -I../Drivers/STM32F4xx_HAL_Driver/Inc/Legacy -I../Drivers/CMSIS/Device/ST/STM32F4xx/Include -I../Drivers/CMSIS/Include -O0 -ffunction-sections -fdata-sections -Wall -fstack-usage -fcyclomatic-complexity -MMD -MP -MF"Core/Src/syscalls.d" -MT"Core/Src/syscalls.o" --specs=nano.specs -mfpu=fpv4-sp-d16 -mfloat-abi=hard -mthumb -o "Core/Src/syscalls.o"
arm-none-eabi-gcc "../Core/Src/sysmem.c" -mcpu=cortex-m4 -std=gnu11 -g3 -DDEBUG -DUSE_HAL_DRIVER -DSTM32F446xx -c -I../Core/Inc -I../Drivers/STM32F4xx_HAL_Driver/Inc -I../Drivers/STM32F4xx_HAL_Driver/Inc/Legacy -I../Drivers/CMSIS/Device/ST/STM32F4xx/Include -I../Drivers/CMSIS/Include -O0 -ffunction-sections -fdata-sections -Wall -fstack-usage -fcyclomatic-complexity -MMD -MP -MF"Core/Src/sysmem.d" -MT"Core/Src/sysmem.o" --specs=nano.specs -mfpu=fpv4-sp-d16 -mfloat-abi=hard -mthumb -o "Core/Src/sysmem.o"
arm-none-eabi-gcc "../Core/Src/system_stm32f4xx.c" -mcpu=cortex-m4 -std=gnu11 -g3 -DDEBUG -DUSE_HAL_DRIVER -DSTM32F446xx -c -I../Core/Inc -I../Drivers/STM32F4xx_HAL_Driver/Inc -I../Drivers/STM32F4xx_HAL_Driver/Inc/Legacy -I../Drivers/CMSIS/Device/ST/STM32F4xx/Include -I../Drivers/CMSIS/Include -O0 -ffunction-sections -fdata-sections -Wall -fstack-usage -fcyclomatic-complexity -MMD -MP -MF"Core/Src/system_stm32f4xx.d" -MT"Core/Src/system_stm32f4xx.o" --specs=nano.specs -mfpu=fpv4-sp-d16 -mfloat-abi=hard -mthumb -o "Core/Src/system_stm32f4xx.o"
arm-none-eabi-gcc -o "Lab 6 Digital 2.elf" @"objects.list"   -mcpu=cortex-m4 -T"C:\Users\Chris Q\Documents\Electronica Digital 2\Laboratorios\Digital-2\Lab 6 Digital 2\STM32F446RETX_FLASH.ld" --specs=nosys.specs -Wl,-Map="Lab 6 Digital 2.map" -Wl,--gc-sections -static --specs=nano.specs -mfpu=fpv4-sp-d16 -mfloat-abi=hard -mthumb -Wl,--start-group -lc -lm -Wl,--end-group
Finished building target: Lab 6 Digital 2.elf
 
arm-none-eabi-size  Lab\ 6\ Digital\ 2.elf 
arm-none-eabi-objdump -h -S Lab\ 6\ Digital\ 2.elf  > "Lab 6 Digital 2.list"
   text	   data	    bss	    dec	    hex	filename
  15408	     92	   2564	  18064	   4690	Lab 6 Digital 2.elf
Finished building: default.size.stdout
 
Finished building: Lab 6 Digital 2.list
 
12:54:33 **** Build of configuration Debug for project Prueba Hola mundo ****
make -j12 all 
arm-none-eabi-gcc "../Drivers/STM32F4xx_HAL_Driver/Src/stm32f4xx_hal.c" -mcpu=cortex-m4 -std=gnu11 -g3 -DDEBUG -DUSE_HAL_DRIVER -DSTM32F446xx -c -I../Core/Inc -I../Drivers/STM32F4xx_HAL_Driver/Inc -I../Drivers/STM32F4xx_HAL_Driver/Inc/Legacy -I../Drivers/CMSIS/Device/ST/STM32F4xx/Include -I../Drivers/CMSIS/Include -O0 -ffunction-sections -fdata-sections -Wall -fstack-usage -fcyclomatic-complexity -MMD -MP -MF"Drivers/STM32F4xx_HAL_Driver/Src/stm32f4xx_hal.d" -MT"Drivers/STM32F4xx_HAL_Driver/Src/stm32f4xx_hal.o" --specs=nano.specs -mfpu=fpv4-sp-d16 -mfloat-abi=hard -mthumb -o "Drivers/STM32F4xx_HAL_Driver/Src/stm32f4xx_hal.o"
arm-none-eabi-gcc "../Drivers/STM32F4xx_HAL_Driver/Src/stm32f4xx_hal_cortex.c" -mcpu=cortex-m4 -std=gnu11 -g3 -DDEBUG -DUSE_HAL_DRIVER -DSTM32F446xx -c -I../Core/Inc -I../Drivers/STM32F4xx_HAL_Driver/Inc -I../Drivers/STM32F4xx_HAL_Driver/Inc/Legacy -I../Drivers/CMSIS/Device/ST/STM32F4xx/Include -I../Drivers/CMSIS/Include -O0 -ffunction-sections -fdata-sections -Wall -fstack-usage -fcyclomatic-complexity -MMD -MP -MF"Drivers/STM32F4xx_HAL_Driver/Src/stm32f4xx_hal_cortex.d" -MT"Drivers/STM32F4xx_HAL_Driver/Src/stm32f4xx_hal_cortex.o" --specs=nano.specs -mfpu=fpv4-sp-d16 -mfloat-abi=hard -mthumb -o "Drivers/STM32F4xx_HAL_Driver/Src/stm32f4xx_hal_cortex.o"
arm-none-eabi-gcc "../Drivers/STM32F4xx_HAL_Driver/Src/stm32f4xx_hal_dma.c" -mcpu=cortex-m4 -std=gnu11 -g3 -DDEBUG -DUSE_HAL_DRIVER -DSTM32F446xx -c -I../Core/Inc -I../Drivers/STM32F4xx_HAL_Driver/Inc -I../Drivers/STM32F4xx_HAL_Driver/Inc/Legacy -I../Drivers/CMSIS/Device/ST/STM32F4xx/Include -I../Drivers/CMSIS/Include -O0 -ffunction-sections -fdata-sections -Wall -fstack-usage -fcyclomatic-complexity -MMD -MP -MF"Drivers/STM32F4xx_HAL_Driver/Src/stm32f4xx_hal_dma.d" -MT"Drivers/STM32F4xx_HAL_Driver/Src/stm32f4xx_hal_dma.o" --specs=nano.specs -mfpu=fpv4-sp-d16 -mfloat-abi=hard -mthumb -o "Drivers/STM32F4xx_HAL_Driver/Src/stm32f4xx_hal_dma.o"
arm-none-eabi-gcc "../Drivers/STM32F4xx_HAL_Driver/Src/stm32f4xx_hal_dma_ex.c" -mcpu=cortex-m4 -std=gnu11 -g3 -DDEBUG -DUSE_HAL_DRIVER -DSTM32F446xx -c -I../Core/Inc -I../Drivers/STM32F4xx_HAL_Driver/Inc -I../Drivers/STM32F4xx_HAL_Driver/Inc/Legacy -I../Drivers/CMSIS/Device/ST/STM32F4xx/Include -I../Drivers/CMSIS/Include -O0 -ffunction-sections -fdata-sections -Wall -fstack-usage -fcyclomatic-complexity -MMD -MP -MF"Drivers/STM32F4xx_HAL_Driver/Src/stm32f4xx_hal_dma_ex.d" -MT"Drivers/STM32F4xx_HAL_Driver/Src/stm32f4xx_hal_dma_ex.o" --specs=nano.specs -mfpu=fpv4-sp-d16 -mfloat-abi=hard -mthumb -o "Drivers/STM32F4xx_HAL_Driver/Src/stm32f4xx_hal_dma_ex.o"
arm-none-eabi-gcc "../Drivers/STM32F4xx_HAL_Driver/Src/stm32f4xx_hal_exti.c" -mcpu=cortex-m4 -std=gnu11 -g3 -DDEBUG -DUSE_HAL_DRIVER -DSTM32F446xx -c -I../Core/Inc -I../Drivers/STM32F4xx_HAL_Driver/Inc -I../Drivers/STM32F4xx_HAL_Driver/Inc/Legacy -I../Drivers/CMSIS/Device/ST/STM32F4xx/Include -I../Drivers/CMSIS/Include -O0 -ffunction-sections -fdata-sections -Wall -fstack-usage -fcyclomatic-complexity -MMD -MP -MF"Drivers/STM32F4xx_HAL_Driver/Src/stm32f4xx_hal_exti.d" -MT"Drivers/STM32F4xx_HAL_Driver/Src/stm32f4xx_hal_exti.o" --specs=nano.specs -mfpu=fpv4-sp-d16 -mfloat-abi=hard -mthumb -o "Drivers/STM32F4xx_HAL_Driver/Src/stm32f4xx_hal_exti.o"
arm-none-eabi-gcc "../Drivers/STM32F4xx_HAL_Driver/Src/stm32f4xx_hal_flash.c" -mcpu=cortex-m4 -std=gnu11 -g3 -DDEBUG -DUSE_HAL_DRIVER -DSTM32F446xx -c -I../Core/Inc -I../Drivers/STM32F4xx_HAL_Driver/Inc -I../Drivers/STM32F4xx_HAL_Driver/Inc/Legacy -I../Drivers/CMSIS/Device/ST/STM32F4xx/Include -I../Drivers/CMSIS/Include -O0 -ffunction-sections -fdata-sections -Wall -fstack-usage -fcyclomatic-complexity -MMD -MP -MF"Drivers/STM32F4xx_HAL_Driver/Src/stm32f4xx_hal_flash.d" -MT"Drivers/STM32F4xx_HAL_Driver/Src/stm32f4xx_hal_flash.o" --specs=nano.specs -mfpu=fpv4-sp-d16 -mfloat-abi=hard -mthumb -o "Drivers/STM32F4xx_HAL_Driver/Src/stm32f4xx_hal_flash.o"
arm-none-eabi-gcc "../Drivers/STM32F4xx_HAL_Driver/Src/stm32f4xx_hal_flash_ex.c" -mcpu=cortex-m4 -std=gnu11 -g3 -DDEBUG -DUSE_HAL_DRIVER -DSTM32F446xx -c -I../Core/Inc -I../Drivers/STM32F4xx_HAL_Driver/Inc -I../Drivers/STM32F4xx_HAL_Driver/Inc/Legacy -I../Drivers/CMSIS/Device/ST/STM32F4xx/Include -I../Drivers/CMSIS/Include -O0 -ffunction-sections -fdata-sections -Wall -fstack-usage -fcyclomatic-complexity -MMD -MP -MF"Drivers/STM32F4xx_HAL_Driver/Src/stm32f4xx_hal_flash_ex.d" -MT"Drivers/STM32F4xx_HAL_Driver/Src/stm32f4xx_hal_flash_ex.o" --specs=nano.specs -mfpu=fpv4-sp-d16 -mfloat-abi=hard -mthumb -o "Drivers/STM32F4xx_HAL_Driver/Src/stm32f4xx_hal_flash_ex.o"
arm-none-eabi-gcc "../Drivers/STM32F4xx_HAL_Driver/Src/stm32f4xx_hal_flash_ramfunc.c" -mcpu=cortex-m4 -std=gnu11 -g3 -DDEBUG -DUSE_HAL_DRIVER -DSTM32F446xx -c -I../Core/Inc -I../Drivers/STM32F4xx_HAL_Driver/Inc -I../Drivers/STM32F4xx_HAL_Driver/Inc/Legacy -I../Drivers/CMSIS/Device/ST/STM32F4xx/Include -I../Drivers/CMSIS/Include -O0 -ffunction-sections -fdata-sections -Wall -fstack-usage -fcyclomatic-complexity -MMD -MP -MF"Drivers/STM32F4xx_HAL_Driver/Src/stm32f4xx_hal_flash_ramfunc.d" -MT"Drivers/STM32F4xx_HAL_Driver/Src/stm32f4xx_hal_flash_ramfunc.o" --specs=nano.specs -mfpu=fpv4-sp-d16 -mfloat-abi=hard -mthumb -o "Drivers/STM32F4xx_HAL_Driver/Src/stm32f4xx_hal_flash_ramfunc.o"
arm-none-eabi-gcc "../Drivers/STM32F4xx_HAL_Driver/Src/stm32f4xx_hal_gpio.c" -mcpu=cortex-m4 -std=gnu11 -g3 -DDEBUG -DUSE_HAL_DRIVER -DSTM32F446xx -c -I../Core/Inc -I../Drivers/STM32F4xx_HAL_Driver/Inc -I../Drivers/STM32F4xx_HAL_Driver/Inc/Legacy -I../Drivers/CMSIS/Device/ST/STM32F4xx/Include -I../Drivers/CMSIS/Include -O0 -ffunction-sections -fdata-sections -Wall -fstack-usage -fcyclomatic-complexity -MMD -MP -MF"Drivers/STM32F4xx_HAL_Driver/Src/stm32f4xx_hal_gpio.d" -MT"Drivers/STM32F4xx_HAL_Driver/Src/stm32f4xx_hal_gpio.o" --specs=nano.specs -mfpu=fpv4-sp-d16 -mfloat-abi=hard -mthumb -o "Drivers/STM32F4xx_HAL_Driver/Src/stm32f4xx_hal_gpio.o"
arm-none-eabi-gcc "../Drivers/STM32F4xx_HAL_Driver/Src/stm32f4xx_hal_pwr.c" -mcpu=cortex-m4 -std=gnu11 -g3 -DDEBUG -DUSE_HAL_DRIVER -DSTM32F446xx -c -I../Core/Inc -I../Drivers/STM32F4xx_HAL_Driver/Inc -I../Drivers/STM32F4xx_HAL_Driver/Inc/Legacy -I../Drivers/CMSIS/Device/ST/STM32F4xx/Include -I../Drivers/CMSIS/Include -O0 -ffunction-sections -fdata-sections -Wall -fstack-usage -fcyclomatic-complexity -MMD -MP -MF"Drivers/STM32F4xx_HAL_Driver/Src/stm32f4xx_hal_pwr.d" -MT"Drivers/STM32F4xx_HAL_Driver/Src/stm32f4xx_hal_pwr.o" --specs=nano.specs -mfpu=fpv4-sp-d16 -mfloat-abi=hard -mthumb -o "Drivers/STM32F4xx_HAL_Driver/Src/stm32f4xx_hal_pwr.o"
arm-none-eabi-gcc "../Drivers/STM32F4xx_HAL_Driver/Src/stm32f4xx_hal_pwr_ex.c" -mcpu=cortex-m4 -std=gnu11 -g3 -DDEBUG -DUSE_HAL_DRIVER -DSTM32F446xx -c -I../Core/Inc -I../Drivers/STM32F4xx_HAL_Driver/Inc -I../Drivers/STM32F4xx_HAL_Driver/Inc/Legacy -I../Drivers/CMSIS/Device/ST/STM32F4xx/Include -I../Drivers/CMSIS/Include -O0 -ffunction-sections -fdata-sections -Wall -fstack-usage -fcyclomatic-complexity -MMD -MP -MF"Drivers/STM32F4xx_HAL_Driver/Src/stm32f4xx_hal_pwr_ex.d" -MT"Drivers/STM32F4xx_HAL_Driver/Src/stm32f4xx_hal_pwr_ex.o" --specs=nano.specs -mfpu=fpv4-sp-d16 -mfloat-abi=hard -mthumb -o "Drivers/STM32F4xx_HAL_Driver/Src/stm32f4xx_hal_pwr_ex.o"
arm-none-eabi-gcc "../Drivers/STM32F4xx_HAL_Driver/Src/stm32f4xx_hal_rcc.c" -mcpu=cortex-m4 -std=gnu11 -g3 -DDEBUG -DUSE_HAL_DRIVER -DSTM32F446xx -c -I../Core/Inc -I../Drivers/STM32F4xx_HAL_Driver/Inc -I../Drivers/STM32F4xx_HAL_Driver/Inc/Legacy -I../Drivers/CMSIS/Device/ST/STM32F4xx/Include -I../Drivers/CMSIS/Include -O0 -ffunction-sections -fdata-sections -Wall -fstack-usage -fcyclomatic-complexity -MMD -MP -MF"Drivers/STM32F4xx_HAL_Driver/Src/stm32f4xx_hal_rcc.d" -MT"Drivers/STM32F4xx_HAL_Driver/Src/stm32f4xx_hal_rcc.o" --specs=nano.specs -mfpu=fpv4-sp-d16 -mfloat-abi=hard -mthumb -o "Drivers/STM32F4xx_HAL_Driver/Src/stm32f4xx_hal_rcc.o"
arm-none-eabi-gcc "../Drivers/STM32F4xx_HAL_Driver/Src/stm32f4xx_hal_rcc_ex.c" -mcpu=cortex-m4 -std=gnu11 -g3 -DDEBUG -DUSE_HAL_DRIVER -DSTM32F446xx -c -I../Core/Inc -I../Drivers/STM32F4xx_HAL_Driver/Inc -I../Drivers/STM32F4xx_HAL_Driver/Inc/Legacy -I../Drivers/CMSIS/Device/ST/STM32F4xx/Include -I../Drivers/CMSIS/Include -O0 -ffunction-sections -fdata-sections -Wall -fstack-usage -fcyclomatic-complexity -MMD -MP -MF"Drivers/STM32F4xx_HAL_Driver/Src/stm32f4xx_hal_rcc_ex.d" -MT"Drivers/STM32F4xx_HAL_Driver/Src/stm32f4xx_hal_rcc_ex.o" --specs=nano.specs -mfpu=fpv4-sp-d16 -mfloat-abi=hard -mthumb -o "Drivers/STM32F4xx_HAL_Driver/Src/stm32f4xx_hal_rcc_ex.o"
arm-none-eabi-gcc "../Drivers/STM32F4xx_HAL_Driver/Src/stm32f4xx_hal_uart.c" -mcpu=cortex-m4 -std=gnu11 -g3 -DDEBUG -DUSE_HAL_DRIVER -DSTM32F446xx -c -I../Core/Inc -I../Drivers/STM32F4xx_HAL_Driver/Inc -I../Drivers/STM32F4xx_HAL_Driver/Inc/Legacy -I../Drivers/CMSIS/Device/ST/STM32F4xx/Include -I../Drivers/CMSIS/Include -O0 -ffunction-sections -fdata-sections -Wall -fstack-usage -fcyclomatic-complexity -MMD -MP -MF"Drivers/STM32F4xx_HAL_Driver/Src/stm32f4xx_hal_uart.d" -MT"Drivers/STM32F4xx_HAL_Driver/Src/stm32f4xx_hal_uart.o" --specs=nano.specs -mfpu=fpv4-sp-d16 -mfloat-abi=hard -mthumb -o "Drivers/STM32F4xx_HAL_Driver/Src/stm32f4xx_hal_uart.o"
arm-none-eabi-gcc -mcpu=cortex-m4 -g3 -DDEBUG -c -x assembler-with-cpp -MMD -MP -MF"Core/Startup/startup_stm32f446retx.d" -MT"Core/Startup/startup_stm32f446retx.o" --specs=nano.specs -mfpu=fpv4-sp-d16 -mfloat-abi=hard -mthumb -o "Core/Startup/startup_stm32f446retx.o" "../Core/Startup/startup_stm32f446retx.s"
arm-none-eabi-gcc "../Core/Src/main.c" -mcpu=cortex-m4 -std=gnu11 -g3 -DDEBUG -DUSE_HAL_DRIVER -DSTM32F446xx -c -I../Core/Inc -I../Drivers/STM32F4xx_HAL_Driver/Inc -I../Drivers/STM32F4xx_HAL_Driver/Inc/Legacy -I../Drivers/CMSIS/Device/ST/STM32F4xx/Include -I../Drivers/CMSIS/Include -O0 -ffunction-sections -fdata-sections -Wall -fstack-usage -fcyclomatic-complexity -MMD -MP -MF"Core/Src/main.d" -MT"Core/Src/main.o" --specs=nano.specs -mfpu=fpv4-sp-d16 -mfloat-abi=hard -mthumb -o "Core/Src/main.o"
arm-none-eabi-gcc "../Core/Src/stm32f4xx_hal_msp.c" -mcpu=cortex-m4 -std=gnu11 -g3 -DDEBUG -DUSE_HAL_DRIVER -DSTM32F446xx -c -I../Core/Inc -I../Drivers/STM32F4xx_HAL_Driver/Inc -I../Drivers/STM32F4xx_HAL_Driver/Inc/Legacy -I../Drivers/CMSIS/Device/ST/STM32F4xx/Include -I../Drivers/CMSIS/Include -O0 -ffunction-sections -fdata-sections -Wall -fstack-usage -fcyclomatic-complexity -MMD -MP -MF"Core/Src/stm32f4xx_hal_msp.d" -MT"Core/Src/stm32f4xx_hal_msp.o" --specs=nano.specs -mfpu=fpv4-sp-d16 -mfloat-abi=hard -mthumb -o "Core/Src/stm32f4xx_hal_msp.o"
arm-none-eabi-gcc "../Core/Src/stm32f4xx_it.c" -mcpu=cortex-m4 -std=gnu11 -g3 -DDEBUG -DUSE_HAL_DRIVER -DSTM32F446xx -c -I../Core/Inc -I../Drivers/STM32F4xx_HAL_Driver/Inc -I../Drivers/STM32F4xx_HAL_Driver/Inc/Legacy -I../Drivers/CMSIS/Device/ST/STM32F4xx/Include -I../Drivers/CMSIS/Include -O0 -ffunction-sections -fdata-sections -Wall -fstack-usage -fcyclomatic-complexity -MMD -MP -MF"Core/Src/stm32f4xx_it.d" -MT"Core/Src/stm32f4xx_it.o" --specs=nano.specs -mfpu=fpv4-sp-d16 -mfloat-abi=hard -mthumb -o "Core/Src/stm32f4xx_it.o"
arm-none-eabi-gcc "../Core/Src/syscalls.c" -mcpu=cortex-m4 -std=gnu11 -g3 -DDEBUG -DUSE_HAL_DRIVER -DSTM32F446xx -c -I../Core/Inc -I../Drivers/STM32F4xx_HAL_Driver/Inc -I../Drivers/STM32F4xx_HAL_Driver/Inc/Legacy -I../Drivers/CMSIS/Device/ST/STM32F4xx/Include -I../Drivers/CMSIS/Include -O0 -ffunction-sections -fdata-sections -Wall -fstack-usage -fcyclomatic-complexity -MMD -MP -MF"Core/Src/syscalls.d" -MT"Core/Src/syscalls.o" --specs=nano.specs -mfpu=fpv4-sp-d16 -mfloat-abi=hard -mthumb -o "Core/Src/syscalls.o"
arm-none-eabi-gcc "../Core/Src/sysmem.c" -mcpu=cortex-m4 -std=gnu11 -g3 -DDEBUG -DUSE_HAL_DRIVER -DSTM32F446xx -c -I../Core/Inc -I../Drivers/STM32F4xx_HAL_Driver/Inc -I../Drivers/STM32F4xx_HAL_Driver/Inc/Legacy -I../Drivers/CMSIS/Device/ST/STM32F4xx/Include -I../Drivers/CMSIS/Include -O0 -ffunction-sections -fdata-sections -Wall -fstack-usage -fcyclomatic-complexity -MMD -MP -MF"Core/Src/sysmem.d" -MT"Core/Src/sysmem.o" --specs=nano.specs -mfpu=fpv4-sp-d16 -mfloat-abi=hard -mthumb -o "Core/Src/sysmem.o"
arm-none-eabi-gcc "../Core/Src/system_stm32f4xx.c" -mcpu=cortex-m4 -std=gnu11 -g3 -DDEBUG -DUSE_HAL_DRIVER -DSTM32F446xx -c -I../Core/Inc -I../Drivers/STM32F4xx_HAL_Driver/Inc -I../Drivers/STM32F4xx_HAL_Driver/Inc/Legacy -I../Drivers/CMSIS/Device/ST/STM32F4xx/Include -I../Drivers/CMSIS/Include -O0 -ffunction-sections -fdata-sections -Wall -fstack-usage -fcyclomatic-complexity -MMD -MP -MF"Core/Src/system_stm32f4xx.d" -MT"Core/Src/system_stm32f4xx.o" --specs=nano.specs -mfpu=fpv4-sp-d16 -mfloat-abi=hard -mthumb -o "Core/Src/system_stm32f4xx.o"
arm-none-eabi-gcc -o "Prueba Hola mundo.elf" @"objects.list"   -mcpu=cortex-m4 -T"C:\Users\Chris Q\Documents\Electronica Digital 2\Laboratorios\Digital-2\Prueba Hola mundo\STM32F446RETX_FLASH.ld" --specs=nosys.specs -Wl,-Map="Prueba Hola mundo.map" -Wl,--gc-sections -static --specs=nano.specs -mfpu=fpv4-sp-d16 -mfloat-abi=hard -mthumb -Wl,--start-group -lc -lm -Wl,--end-group
Finished building target: Prueba Hola mundo.elf
 
arm-none-eabi-size  Prueba\ Hola\ mundo.elf 
arm-none-eabi-objdump -h -S Prueba\ Hola\ mundo.elf  > "Prueba Hola mundo.list"
   text	   data	    bss	    dec	    hex	filename
   9920	    108	   1660	  11688	   2da8	Prueba Hola mundo.elf
Finished building: default.size.stdout
 
Finished building: Prueba Hola mundo.list
 
12:54:40 **** Incremental Build of configuration Debug for project Lab 6 Digital 2 ****
make -j12 all 
arm-none-eabi-size  Lab\ 6\ Digital\ 2.elf 
   text	   data	    bss	    dec	    hex	filename
  15408	     92	   2564	  18064	   4690	Lab 6 Digital 2.elf
Finished building: default.size.stdout
 
12:56:14 **** Incremental Build of configuration Debug for project Lab 6 Digital 2 ****
make -j12 all 
arm-none-eabi-size  Lab\ 6\ Digital\ 2.elf 
   text	   data	    bss	    dec	    hex	filename
  15408	     92	   2564	  18064	   4690	Lab 6 Digital 2.elf
Finished building: default.size.stdout
 
12:59:12 **** Incremental Build of configuration Debug for project Lab 6 Digital 2 ****
make -j12 all 
arm-none-eabi-gcc "../Core/Src/main.c" -mcpu=cortex-m4 -std=gnu11 -g3 -DDEBUG -DUSE_HAL_DRIVER -DSTM32F446xx -c -I../Core/Inc -I../Drivers/STM32F4xx_HAL_Driver/Inc -I../Drivers/STM32F4xx_HAL_Driver/Inc/Legacy -I../Drivers/CMSIS/Device/ST/STM32F4xx/Include -I../Drivers/CMSIS/Include -O0 -ffunction-sections -fdata-sections -Wall -fstack-usage -fcyclomatic-complexity -MMD -MP -MF"Core/Src/main.d" -MT"Core/Src/main.o" --specs=nano.specs -mfpu=fpv4-sp-d16 -mfloat-abi=hard -mthumb -o "Core/Src/main.o"
arm-none-eabi-gcc -o "Lab 6 Digital 2.elf" @"objects.list"   -mcpu=cortex-m4 -T"C:\Users\Chris Q\Documents\Electronica Digital 2\Laboratorios\Digital-2\Lab 6 Digital 2\STM32F446RETX_FLASH.ld" --specs=nosys.specs -Wl,-Map="Lab 6 Digital 2.map" -Wl,--gc-sections -static --specs=nano.specs -mfpu=fpv4-sp-d16 -mfloat-abi=hard -mthumb -Wl,--start-group -lc -lm -Wl,--end-group
Finished building target: Lab 6 Digital 2.elf
 
arm-none-eabi-size  Lab\ 6\ Digital\ 2.elf 
arm-none-eabi-objdump -h -S Lab\ 6\ Digital\ 2.elf  > "Lab 6 Digital 2.list"
   text	   data	    bss	    dec	    hex	filename
  15392	     92	   2564	  18048	   4680	Lab 6 Digital 2.elf
Finished building: default.size.stdout
 
Finished building: Lab 6 Digital 2.list
 
13:03:45 **** Incremental Build of configuration Debug for project Lab 6 Digital 2 ****
make -j12 all 
arm-none-eabi-gcc "../Core/Src/main.c" -mcpu=cortex-m4 -std=gnu11 -g3 -DDEBUG -DUSE_HAL_DRIVER -DSTM32F446xx -c -I../Core/Inc -I../Drivers/STM32F4xx_HAL_Driver/Inc -I../Drivers/STM32F4xx_HAL_Driver/Inc/Legacy -I../Drivers/CMSIS/Device/ST/STM32F4xx/Include -I../Drivers/CMSIS/Include -O0 -ffunction-sections -fdata-sections -Wall -fstack-usage -fcyclomatic-complexity -MMD -MP -MF"Core/Src/main.d" -MT"Core/Src/main.o" --specs=nano.specs -mfpu=fpv4-sp-d16 -mfloat-abi=hard -mthumb -o "Core/Src/main.o"
arm-none-eabi-gcc -o "Lab 6 Digital 2.elf" @"objects.list"   -mcpu=cortex-m4 -T"C:\Users\Chris Q\Documents\Electronica Digital 2\Laboratorios\Digital-2\Lab 6 Digital 2\STM32F446RETX_FLASH.ld" --specs=nosys.specs -Wl,-Map="Lab 6 Digital 2.map" -Wl,--gc-sections -static --specs=nano.specs -mfpu=fpv4-sp-d16 -mfloat-abi=hard -mthumb -Wl,--start-group -lc -lm -Wl,--end-group
Finished building target: Lab 6 Digital 2.elf
 
arm-none-eabi-size  Lab\ 6\ Digital\ 2.elf 
arm-none-eabi-objdump -h -S Lab\ 6\ Digital\ 2.elf  > "Lab 6 Digital 2.list"
   text	   data	    bss	    dec	    hex	filename
  15352	     92	   2564	  18008	   4658	Lab 6 Digital 2.elf
Finished building: default.size.stdout
 
Finished building: Lab 6 Digital 2.list
 
